アルバス,yori#3941,2021-10-30,ydke://sp7VBLKe1QSyntUEd1uEAXdbhAGBK7YBgSu2AYErtgG7je8Bu43vAbuN7wHGu8ADxrvAA8a7wAPrvhQE674UBOu+FASV6nMFlepzBZXqcwXmrhQE5q4UBOauFARqSB4A31b7AN9W+wDfVvsAovsVAqL7FQKi+xUChKpFAoSqRQKEqkUC7iX+BGfWagUUyt8BFMrfARTK3wHWgi8C1oIvAg==!t2zLAC5OdwIuTncCiOY6BYjmOgUevRkAKwgNAtd/sAWP4zcEj+M3BJchZAUsQ94FZiH3AGch9wD9HWIE!!
アクアアクトレス,yori#3941,2021-10-30,ydke://p11xAyIJhAMiCYQDaKB8BXmlqQXPQYsAz0GLAM9BiwBkSfkDZEn5A1q1FAA/E1cCPxNXAj8TVwKyMswFffa/APvcFAGfbPgBn2z4AThR7wI4Ue8CWXtjBO4l/gTATccFwE3HBSPWnQIj1p0COTq7ATk6uwE5OrsB/kDyAjSi5gM0ouYDGjt5BRo7eQWPzR8Aj80fAHrr5QV66+UFd/oXAnf6FwI=!0pv0BdKb9AXSm/QFG+BbBQ6tGwMOrRsDraMjBXemaQXtaxUFx0RnARts4gMbbOIDG2ziAw==!!
ギャンブル,yori#3941,2021-10-30,ydke://gsqSBILKkgQn+CsFJ/grBUbiLAQfyNgDH8jYAx/I2AOsBe0EH4UhAB+FIQCE/QMDWyg2AFsoNgBvTf8BBupEBAbqRAQG6kQEO6m/AzupvwM7qb8DlvdAApb3QAKW90ACYOFOAsJMNQDD5i0Cw+YtAsPmLQKgVZUEoFWVBM6v/QDOr/0Azq/9ABZkJAEWZCQBWu5bAfpcOQL6XDkC+lw5AkYgAgPQltYE0JbWBOSSSQHkkkkB5JJJAWFmSAIZffMCGX3zAs0EvgPkBrkF5Aa5BQ==!C+/nBAvv5wQL7+cEbtkhAm7ZIQJu2SECZk2HAmZNhwJmTYcCdJI9AwLRuwEC0bsBAtG7AQ==!!
クローラー,yori#3941,2021-10-30,ydke://LQO7Ay0DuwNYl8UBBChqA/49KQQnLL8CJyy/Anv09gR79PYEe/T2BINWDQODVg0Dg1YNA29N/wFmt+8AZrfvAGa37wAqlWUBKpVlARucQwUbnEMFG5xDBcDL4wHAy+MBwMvjAaV6AwK3RpICt0aSArdGkgIzw5YCJusABFl7YwR7ZB0Cq9pnBKvaZwQN9QwBDfUMARHnYQMR52EDSwULBEsFCwRLBQsEZr+mAWa/pgFmv6YBEtmgAhLZoAKVN1EFqGnEAcfRLQO461IFuOtSBbjrUgU=!YbvMAe+wrgJ0lF4CdJReAjt1dwQmvIcFJryHBSa8hwWjFfUDoxX1A6MV9QMQVmICEFZiAhBWYgI=!!
トランプ,yori#3941,2021-10-30,ydke://rvTMApGqagWRqmoFI2yHASNshwGAlpgA2paYAIqWmACUlpgA0JaYAP+6WQRYmW0C6RxGBHf6GALhVkQCy/eAAj3YvgE92L4Bin/hAO+X3APvl9wDjbBBBK2kGgOEpBECYRhsAElR+gA10I8BOR5sAm47GwBTB2EC47AqA0M/TwQ5QFgE7iX+BJTVfAWU1XwFlNV8Be8nUQDGvU8Dxr1PA8a9TwOmtY0AEtmgArXKlAOPTbYDNCzXBE5k4gROZOIETmTiBDOE9ARE+R4BCtDmAjVw2gA=!M4ktA5zXXQDiBd8F1pD+AjnKYAT+OQwFuL6dAvZk0QD20f0EwU7DAiM+pwA=!!
ベアルクティ,yori#3941,2021-10-30,ydke://sp7VBLKe1QSyntUEgSu2AYErtgGBK7YB56lCA+epQgPnqUID1bTCAdW0wgHVtMIBv4RVA7+EVQO/hFUD9tzYBPbc2AT23NgE31b7AN9W+wDfVvsAAuw1AwLsNQMsEVIFLBFSBSwRUgUvc/AAL3PwAC9z8ADHqI0Fx6iNBceojQX4n5QD+J+UA/iflAPSqa0C0qmtAiVSCAElUggBLIuIAiyLiALuJf4E!2g4qA9oOKgPaDioDNgTGBDYExgQ2BMYEM5GmATORpgEzkaYB!!
ミラフォAF,yori#3941,2021-10-30,ydke://HsDBABLZoAIS2aACEtmgAqhpxAGoacQBqGnEAUgZqQBIGakASBmpADKVEgUylRIFMpUSBVqiNQFaojUBWqI1AaWnbAGlp2wBpadsAYkKuwKJCrsC4zbhBeM24QXjNuEF+9wUASPWnQIj1p0CI9adAp3pvQGd6b0Bnem9AZzhvQCc4b0AnOG9AI//pACP/6QAj/+kAPuaMQNeo8ABXqPAActLkgOlegMClvdAApb3QAKW90AC!/jkMBf45DAX+OQwFY68pBGOvKQStoyMFraMjBQ==!!
ライロ(60),yori#3941,2021-10-30,ydke://+5JxA/uScQP7knED44efAs42hAPONoQDzjaEAzi/UAPhibAD4YmwA+GJsAOJAwwF3jLqBQhznwQIc58ECHOfBG+smQB1OFkBdThZAcL1CASVboEBkZVcBJGVXASRlVwEjuc/Ao7nPwKEpBEChKQRAgYHWQMGB1kDBgdZA0dFsQVHRbEFR0WxBUXcZAJF3GQCb03/AZXi+gTAqZQA1Y4KANWOCgDVjgoAu4ipALuIqQCmm/QBJusABCbrAARDoUAEQ6FABEOhQATFqdoE7iX+BIrZpwWK2acFitmnBcacIwO4a60E!t79iBF0wFARmIfcAT+HsBEdMywFHTMsBR0zLAZbdCACW3QgAlt0IAFLMogA60NgFOtDYBTrQ2AXB6gMD!!
銀河,yori#3941,2021-10-30,ydke://x9HAA8fRwAPH0cADjQKWBY0ClgWNApYFyY0kAsmNJALJjSQCJs5JAybOSQMmzkkDffjHAn34xwJ9+McCH1+SAh9fkgIfX5ICdAxQBXQMUAW/1d8Fv9XfBb/V3wWdYtsF906NAJ9UTgCfVE4AhpJoAIaSaACGkmgAStTsAPjJCQH4yQkBfPNwA3bslgN27JYDduyWA2HnzwMm6wAE7iX+BEWh2gIdhdEF2IRnA4H9jgKB/Y4C!IMDAAFmkEwQOniYAk41TAq1A5QF8W7EBalshAax6QQXcmHwA3Jh8AO6NagNONzMATjczAE43MwA=!!
超時空戦闘機,yori#3941,2021-10-30,ydke://e7qnAHu6pwB7uqcAOGSiADhkogA4ZKIAjuc/Ao7nPwKO5z8COKITATiiEwEcHRMFHB0TBRwdEwVfYCEBX2AhAVAQ2gBQENoAUBDaAAvqDQAL6g0AC+oNAD8NGgKW90AClvdAAjhR7wI4Ue8COFHvAvlgEAM+r5wDPq+cA+4l/gSDAB4FpuC6AKbgugCm4LoAGpJhARqSYQGQEnEEEedhAxHnYQM=!5Sq5AeUquQHlKrkBQbexAEG3sQADiu0Cwc/2A8HP9gNC+n8AQvp/AJbdCACW3QgAtNuAArTbgAK024AC!!
ティンダングル,yori#3941,2021-10-30,ydke://SZ3kAUmd5AFJneQBEYKcBRGCnAURgpwFZOefBWTnnwVk558FCLwaBAi8GgQIvBoEQ5StAEOUrQBDlK0AgLIJBICyCQSAsgkEb03/ASqVZQEqlWUB74IWAO+CFgCfVE4An1ROALuIqQC7iKkApXoDAigmIQIzw5YCJusABDlAWATFqdoEf4GZBX+BmQXTHcID0x3CA9MdwgM6OEUEOjhFBF3AiwOL4J4DuGutBLhrrQTQltYE0ZbWBDQs1wQqhBAFKoQQBT4F6QU+BekFPgXpBQDTjQQA040EAKFwAQChcAG4hCgF!xjNjA8YzYwOIYigFiGIoBbXwAQW18AEF9V54BMA5egTAOXoEwDl6BFupoARbqaAE!bu1jBW7tYwW6sJEAOjhFBA==!
斬機,yori#3941,2021-10-30,ydke://ozyMAKM8jACjPIwAh2BZBYdgWQWHYFkFlW6BAZPGngGTxp4Bk8aeAd6GMQPehjED3oYxA+StBgbkrQYG5K0GBs6i+QDOovkAzqL5ALNt0wSzbdMEs23TBDiiEwFQ3x4DUN8eA1DfHgMqlWUBKpVlASqVZQF99r8AuATWALgE1gC4BNYAyDFoA8gxaAPFqdoE7iX+BNGgAR8a7pwCGu6cAlvgdwJb4HcCW+B3As3JOwXNyTsFzck7BXig2wB4oNsAeKDbAA==!EYSKAhGEigIRhIoC0qzoANKs6ADSrOgAio4bBYqOGwWKjhsFkxs/BZMbPwWTGz8F2AMOAs3gIQA=!!
Sin,king of tikuwa#6777,2021-11-01,ydke://t1Y2Aq7DAgGuwwIBrsMCAYwZGgCMGRoAjBkaAMwjCQDMIwkABvGPAPNFLQLzRS0C80UtAsu6pgLLuqYC4OtwBODrcAQVFOkCFRTpAhUU6QL73BQB8HAYAfBwGAFZe2MEIdbZBCHW2QRL0HsES9B7BEvQewT/l6QB/5ekAf+XpAEwCqsCf60pA3+tKQMJxsQDCcbEA6Fm7gShZu4EoWbuBA==!i5cXAIyXFwCMlxcAks1+AJLNfgAKFkcBChZHASiiggAoooIAxBoGBMQaBgS+I6cCviOnAr8jpwK024AC!p6lXBcwjCQCYhMIEoJNjAYOL2wKKI9AF47AqAx3XRgM=!
ふわんだりぃず,king of tikuwa#6777,2021-11-01,ydke://0vYrA7/xpQBXh6wFrtshBK7bIQSu2yEEO/hVAtQTPQPUEz0D1BM9A49PywSPT8sENQMhATUDIQE1AyEBZQUQAWUFEAFlBRABOFHvAjhR7wI4Ue8CWXtjBP4KgATjNuEF4zbhBeM24QXV9tYA1fbWAKUwHgSlMB4EpTAeBNcxTwPXMU8D1zFPA/0trQH9La0B/S2tAUDndAJA53QCQOd0Ag==!XGCMA1xgjANcYIwDc3/8BHN//ARzf/wEa9TMBGvUzARr1MwE1xXfBdcV3wXXFd8FHbXxBR218QUdtfEF!/QjOBBl6wwG3G+kExlc+AW44yASP9wQFnFXCBKgxLwGb/ecBHkLeBMY3fwXYyngEts/xBISIcwEHPqAE!
７軸オッドアイズ,king of tikuwa#6777,2021-11-26,ydke://FzzXABc81wAXPNcArnxzBPTS+AD00vgA9NL4AAuXGAX53fYA+t32APvd9gDXWY0F11mNBddZjQVx8kUEcfJFBHHyRQTtN2cC7TdnApnmgAKZ5oACmeaAAkLJBgZCyQYGQskGBp8FJwLQvjsC0L47AtC+OwJU8UYCs/69ArP+vQJY58EEc/LuBHPy7gRz8u4EcLD7AB1nqAEdZ6gBHWeoAQ==!3iMXAEky+AJJMvgCtLYsA0EkdgPiOLgC4ji4AoHjIwUsQ94Fgq/+AIKv/gBKkaUCpAt7BRd/xgQypm8B!VzJMAW7+vwK1ypMEl9a4Ah1RvAWaQEQBVismBJXbCQT3C5YCO1TPBN8VewL7r+kDWXtjBMWp2gTLS5ID!
オルフェ特殊勝利,king of tikuwa#6777,2021-11-01,ydke://DOCVAAzglQCkHJkFKeE9AP49KQTEgHIDM8jMBDPIzAQzyMwEYcrqBEfdKQRH3SkER90pBFEsRwHT6i4C2yRCANskQgDbJEIAPAgQADwIEAAwQH8A8KGZAfChmQHwoZkBq4+7A8Wp2gSixmIFosZiBYuwnQWLsJ0Fi7CdBW2pYgUsd9YALHfWAOFVTgPhVU4D4VVOAwtCxgQLQsYEC0LGBA==!5gvyAGRPugN/UlUFFjqVARY6lQGYFF4Aip7rAq0cmAWtHJgFrRyYBfbhiQRplgMF/xPVAbTbgAIRnRYA!Y83dAPNHugFEgXcCe17wAWLO9ATbI+sD/bTFA6ab9AGP1sMD3xg9BZ4TygQ2Vy0A1YmXActLkgM=!
カオス,king of tikuwa#6777,2021-12-01,ydke:///7pZBP+6WQT/ulkE0NPnBERo/AGRvmQF5g6aAcFxTgLdF7EF3RexBd0XsQWpfR8C9yNlAPcjZQD3I2UAiHzoAYh86AGIfOgBBhNPBAYTTwTAqZQAwKmUAMCplACsXj8DrF4/A5FivgWRYr4FkWK+Bayx6gWsseoFDh69Ag4evQIOHr0CgA9tAcrtiAHK7YgByu2IARLI7QESyO0BEsjtAQ==!8GQuAA6eJgCTjVMCalshAc4CzQOsekEFxjNjA7XwAQWfkGoAT+HsBPLD7gIa3qACweoDA7TbgAKNJ5gD!lqFUA95skgD796EEacUfAcL1CASw+3IEKwgNAi0rhAKIYigF2adpAcWp2gSuYAkEvQieBaH8yAQ=!
クロノダイバー（切嗣）,king of tikuwa#6777,2021-11-01,ydke://e7p9BXu6fQV7un0Fhh57A4YeewOGHnsDuQBzAqQyWwOkMlsDpDJbA2HK6gRhyuoEYcrqBCD7cQQ4ohMBOKITATiiEwFkuRoDu4MvAbuDLwG7gy8BHB0TBRwdEwUcHRMFzKgdAsyoHQLMqB0CLTHeBDlqjQA5ao0A1YmXAdWJlwHViZcB+5oxA/uaMQPGVkQExlZEBMZWRATjopAE46KQBA==!UJhLA1CYSwNQmEsDx46gBPidbgX4nW4FPV+dAz1fnQNP4ewET+HsBERTtwBEU7cAvw5JAqSaKwD5UX8E!02NHA7rTugE6WJEBxjNjA11RJQVZ8rkDc5WbAXx75AOwv3oEffmlAD0VpgUtMd4EGgMdATDG0wSEiHMB!
グレイドル,king of tikuwa#6777,2021-11-01,ydke://K9z/ASvc/wHHO8cBxzvHAcc7xwHS25EF0tuRBbP39QOz9/UDs/f1A7yDPAK8gzwCvIM8Ao/3BAWP9wQF4zbhBeM24QWBVTIAgVUyALQcKgC0HCoAtBwqAPitKQH4rSkBdUtCBHVLQgTaAQwA2gEMANoBDACo5j4BqOY+AajmPgHSMjQC0jI0AtIyNAJ4XywDeF8sAzECnQMxAp0DMQKdAw==!geMjBf7j7AH+4+wB/uPsAVqUrANalKwD9928A/fdvAOkmisApJorAOr9yAP5UX8E+VF/BHrQlwR60JcE!HjeCAR43ggH4rSkBdUtCBMtLkgO0630EA276AjtJyQU=!
サクリファイス,king of tikuwa#6777,2021-12-01,ydke://MlCwBTJQsAUyULAF7I8BAAiH5wA+flwAPn5cAPNHugGEpBEC2fJRA4XWiQWF1okFhdaJBbMFWgWqMtoDqjLaA6oy2gPUJxwAmBrHAJgaxwCYGscAxanaBARm6QQEZukEBGbpBO4l/gSP9wQFj/cEBQz6wwUM+sMFDPrDBbUfeAK1H3gCXWneAl0mpwTK7YgByu2IAcrtiAHLS5IDy0uSAw==!4890AmvUzAR+iUMD8296AvNvegJLPMkDSzzJAzW0vgQ1tL4ExjNjA7XwAQVP4ewEXL8xBKSaKwC024AC!CssAA84p3QJjzd0A3RexBcCLtQKLsF4ANRQsAfvcFAE5QFgEiGwpA5TSkgCqk98CprWNACx31gDNlLgE!
シモッチバーン,king of tikuwa#6777,2021-11-01,ydke://S8f3AUvH9wFLx/cBS0cmA0tHJgNLRyYDOAF2ADgBdgA4AXYAJ/tJACf7SQBrKQMEaykDBGspAwSVPo4AlT6OAJU+jgA/DRoCb74xBG++MQRvvjEEUDwxBVA8MQVQPDEF4zbhBTdj4QE3Y+EBN2PhAbggWwK4IFsCuCBbAlL1+gRS9foEUvX6BFJ5OABSeTgAUnk4ANEDbALRA2wC0QNsAg==!zrvlAe1rFQXERCEFwk9BAL8OSQL/JrsCSVPoBSyRgQD9tMUDiJBnBc3gIQDc+GgBtNuAAhGdFgCNJ5gD!J/tJAM2m8gRTwtMCppv0AZ0/AwI4Ue8CDb/bBBrshgDIxGADws2cAUx3LAJGIAIDj022A0L6aAQQZBEC!
シャドールエクゾ,king of tikuwa#6777,2021-11-01,ydke://jZR4APn5ewBwUKcCUuc5BNSY/QGEuDgAhLg4APv3oQS8xs4BvMbOAbzGzgHC9QgEygVWA8oFVgPKBVYD+1emBDQC0AWWPlIElj5SBJY+UgSEpBECsIwKA7CMCgOwjAoDcmBLAHJgSwByYEsAr147AvoZpgLQChUC0AoVAjdnpQI3Z6UCN2elAibrAATFqdoEquxhAKrsYQCq7GEAheFsAYXhbAHirGIE4qxiBOKsYgS51koAZJpAAQ==!GbN1BBmzdQTCwzYBwsM2AcLDNgE2yQgD4ExpBPU8qQX1PKkF/ya7Av8muwJizvQE6yv/Atz4aAGaVRIC!zindAiveIQPB53cBzstQBcREIQV0ky4FXL8xBF1p3gKuYAkEgpcpAiJuOgIibjoC/qOeBA==!
ダイーザマクロなし,king of tikuwa#6777,2021-11-01,ydke://zokoAs6JKALOiSgCOgioADoIqAA6CKgAWmSxBVpksQVaZLEFOL9QA90XsQXdF7EF3RexBaw1WQWsNVkFrDVZBXU9LgJ1PS4CdT0uAm4zzgNuM84DbjPOA7eATQO3gE0Dt4BNAyTeVwAk3lcAJN5XAPvcFAE/DRoCPw0aAjhR7wI4Ue8COFHvAgVoWgMFaFoDBWhaA020vgJNtL4CTbS+Ag==!yV+/A49ZCAXSI24BgZ1eA3w6FgMrx1QEk4slBeNSQgGr3NQFq9zUBZLNfgD8KG8EJtRYAM675QHPu+UB!HkLeBJTSkgCU0pIAPqqDAD6qgwA=!
転生炎獣ハイランダー,king of tikuwa#6777,2021-11-01,ydke://oE8kBK4CgAHLFI0DFPHrBcSMVgPBI1gFwSNYBR0F9wBIBMkAZduhAmGbOgFbH+0CxkuaAUXwLgUvsh0DssmjBViGSAQhxwEEFzMwAzeJAAMVa1UF/66JAcCcywImF3YExanaBLfv+gTEEoEFcmWzAQGvNAICUQ8DU9MbA24MQAP4SNMDSYv9A6QERwUHwxMAiuPjAD3cxwJ/Nj0BdWEPAw==!0JE4AmudkgBrnZIAIIQ0BSCENAX9zd0B/c3dAY2teAKOrXgCjq14ApXOPAWVzjwFlc48BTcF4gA3BeIA!YzrEBdY8cQIY6/gANwXiAJWyUADWzk8CxTGKA6X87QQ=!
バスター・ブレイダー,king of tikuwa#6777,2021-11-01,ydke://f9L7AX/S+wF/0vsBDOCVAAzglQAM4JUA5U40AOVONADlTjQApySpBKckqQSlp2wBpadsAaWnbAHcP/gC3D/4Atw/+ALJ/4oEn9rhAs1zwQLNc8ECzXPBAgH1fwIB9X8CAfV/AoaCqwRwQecAcEHnAHBB5wDv3+kB79/pAe/f6QELQsYEC0LGBAtCxgQN/5gFDf+YBTSirwI0oq8CNKKvAg==!d+4jBXfuIwV37iMF81MtAcFOwwJs1ZQAKwgNAisIDQIU6LMAFOizABToswBcvzEE+ZXPAvmVzwK024AC!CssAA2BwEQBHvH0AwRpyBLFJngWGgmEAhpJoAPvcFAGGjnsB+WAQAzlAWATFqdoE7iX+BHrr5QU=!
メルフィー,king of tikuwa#6777,2021-11-01,ydke://wYheBJcI4wCXCOMAlwjjAFdOBwNXTgcDV04HA9jG8ATUZYgB865vASz9EgQs/RIELP0SBNM4MQHTODEB0zgxAZryzAWa8swFPFmLBTxZiwU8WYsFLIuIAiyLiAIsi4gCKddSBCnXUgQp11IEx3s4Ap4kywOeJMsDWZkWAlmZFgK0dU8CtHVPArR1TwJoRuUEaEblBBlDnQUZQ50FGUOdBQ==!esChAnrAoQLkl7sB1IopA9SKKQOZKDECIe1hAiHtYQJ9YZQEfWGUBL120AG9dtABIdc8ACHXPADGreoD!DvSUAtRliAFvn1wDmvLMBZchZAXUiikDvXbQAe4l/gTHezgCx3s4Ap4kywOLO3ECbgVnBG4FZwQ=!
ユベル（ソウルズ軸）,king of tikuwa#6777,2021-11-01,ydke://rG5cBdyw5AFT7EgAU+xIAFo5TgBB2qsEfb2oBX29qAVjzd0AY83dAGPN3QDzR7oBcwmRBEe80QVHvNEFR7zRBfUquwD1KrsA9Sq7AJv61gCmm/QB4AWJAuAFiQLgBYkCWXtjBMWp2gQEZukEBGbpBARm6QTuJf4ElAZsBZQGbAWUBmwFDPrDBQz6wwXOhsQFzobEBc6GxAWkd+4DpHfuA6R37gM=!qvthBTu6hQDEGgYEKwgNAgbezgTBGnIEgHyTBPuXSAWYY0gBva15BPKoHATyw+4CXL8xBBl2/wNBedwB!7I8BAOWc4QDJ08kEa2E/A6U4mAQOMQ0DwchPAhmCgQAKFkcBs8zmBfvcFAEj1p0ClTdRBQ==!
リユースコントロール,king of tikuwa#6777,2021-11-01,ydke://9tuoAAzglQAM4JUAMlCwBbv6qAC7+qgA38D6A/NHugH0yncAhKQRAqWnbAGlp2wBLvBnAy7wZwP2c0wAmM3KAWfCLQJzwDwB49akAOPWpADk1qQAhmUNBYZlDQVgaXYFo+JjBXrc8wAEiB4EvYQ7ABrUKwKcIeEEJxRjA+2V1gTtldYE7ZXWBMWp2gSBVTIAglSzBaI2VgCP/6QAj/+kAI//pADK7YgByu2IAcrtiAF3FKoBdxSqARQXKQLLS5IDy0uSA8tLkgOL4J4DC0LGBAtCxgQLQsYEwOWWBcDllgXA5ZYFeuvlBT3qBwU96gcF!XTAUBLuRCALmC/IAf1JVBfhqpAHAbeQD9928A/KoHAS/DkkCoUyXAR2IkgPB6gMDYs70BOyufwNpTOYF!g+Y0AoO3eAMu8/0BNiT4AsO9QwIRubgFUuY6AxvYNwDaAQwAM54RAAGEOgFTKQQEXpm4BIf1VAIHFLED!
アームド・ドラゴン・カタパルトキャノン,king of tikuwa#6777,2021-11-01,ydke://Nf67A1x4vgBceL4AXHi+AKw6jwKsOo8CrDqPAimPugQpj7oEKY+6BBB9nAUQfZwFsMVIAeZt6gVa9MkBrDOdBKRS6QMgMdgDy/UzAJcI4wCXCOMAlwjjAHi8WwN4vFsDeLxbA303ZgNOr/EATq/xAC7z/QE8WYsFPFmLBTxZiwU9mDYCPZg2Av0i2gP9ItoD/SLaAwN4JAADeCQAA3gkAPwIeAH8CHgB/Ah4AfXcigP13IoD9dyKA1l7YwTz3EkC89xJAvPcSQKeE8oEnhPKBKUt9QOlLfUDpS31Az74XgI++F4CFumFBBbphQQW6YUE!L3LiAwY9hgQW0hcASnMFBafHewWox3sFqcd7BTcgggP+AN4DfdBhAk/h7ASZKDEC9V54BPLD7gJizvQE!UU9nBCDGwwKkUukD7fcOANmt8QXbOCAA5Ep/ATcgggOUUmgC+twUASbrAATuJf4EuwphBCy+BwRS9foE!
列車（タッグ用）,king of tikuwa#6777,2021-11-01,ydke://jBkaAIwZGgBaqs8DiB8MA4gfDAOIHwwDlEGgAUymMAUPP9AADz/QAA8/0AD796EE/T58Af0+fAG8xs4BfCBMBXwgTAV8IEwFiiPQBYoj0AWKI9AF+9wUATdnpQI3Z6UCN2elAvXcigMVsr4DWXtjBCnyUAXK0zgBHaeBAR2ngQEdp4EBmb+JBJm/iQSZv4kEmQE4AZkBOAGZATgBheFsAQ==!3E07AoapsAWLlxcAGbN1BBmzdQTIMo4BmBH3A2B/EgMB0fAB6DQ6ACws7AJXYWQDV2FkA0/h7ARcvzEE!cmBLAGRPugPIMo4BA4pNAeg0OgBC+n8AOj0CAEO+3QAm6wAEPQzQBfHcxgDK8KADPl1FAJU3UQWdipoB!
天変地異,king of tikuwa#6777,2021-12-27,ydke://CBk6AQgZOgEIGToBuQBzArkAcwK5AHMCksqbBZLKmwWSypsF3MooAmPJUARjyVAEY8lQBJduswSXbrMEzEREAKLGYgWixmIFosZiBT0VpgU9FaYFBNlbAQTZWwEE2VsBPMrAAzzKwAM8ysADI7bYASO22AEjttgB8ZxBA/GcQQMGGvEABhrxAAYa8QD/B9kB/wfZASnDQwApw0MAKcNDAA==!xjNjA8YzYwOIYigFiGIoBbXwAQW18AEFT+HsBE/h7ARZ8rkDWfK5A/fdvAP33bwDgC0UAIAtFACALRQA!uy31A+PWpABUVfcDBQ7cA59s+AGfbPgBUwdhAsWp2gTATccF4zbhBWBO9gFyylgC!
小倉,king of tikuwa#6777,2021-11-27,ydke://FzzXABc81wAXPNcArnxzBPTS+AD00vgA9NL4AAuXGAX53fYA+t32APvd9gDXWY0F11mNBe03ZwLtN2cC3RexBd0XsQXdF7EFmeaAApnmgAIZ8GsBGfBrARnwawFCyQYGQskGBkLJBgaGkmgAhpJoAHPy7gRz8u4Ec/LuBAz6wwUM+sMFDPrDBXCw+wBNtL4CTbS+Ak20vgIdZ6gBHWeoAR1nqAE=!st2uAt4jFwBJMvgCSTL4ArS2LANBJHYD4ji4AuI4uAIsQ94Fgq/+AEqRpQJKkaUCpAt7BRd/xgQypm8B!VzJMAW7+vwK1ypMEcfJFBJpARAGV2wkE9wuWAkEkdgM7VM8EFGpDAll7YwTLS5ID!
方界,king of tikuwa#6777,2021-11-01,ydke://4OLNAeDizQHg4s0BFpvFABabxQAWm8UAGkczARpHMwEaRzMB20VMAE33rQQqlWUBKpVlAQpYaAIKWGgCClhoArkx7gC5Me4AuTHuAPrcFAGc8xYCnPMWApzzFgIoJiECKCYhAigmIQI4Ue8COFHvAjhR7wIj1p0CI9adArxkkwC8ZJMAvGSTAC4nJQAuJyUALiclALHFCwKxxQsCscULAg==!K8dUBCvHVAQrx1QEyDKOAcgyjgHIMo4BLCzsAiws7AIsLOwCV2FkA1dhZANXYWQDT+HsBE/h7ARP4ewE!OAF2ADgBdgA4AXYAP/f4AVyaOQBcmjkAx9acBCqVZQF+iUMDPw0aAuOwKgOg4tYEppYSAEEYTQJBGE0C!
月光セフィラ,king of tikuwa#6777,2022-01-09,ydke://JBrBAeTt1wInM4cFs1QmA+Wc4QDzR7oBqX0fAql9HwKpfR8C9fPXAPXz1wAYH6ICIEYDAyBGAwN10t0BDUG8BQhi9QQIYvUECGL1BDTJBgab8OICukR1A8zfFQEoJiECKCYhAigmIQLQvjsC0L47AtC+OwLSMuMC0jLjAtIy4wLFqdoE7iX+BFTJBgZUyQYGYVZnA2FWZwOZodQAUaWGAg==!FJ12AZmiygW+iwsEUJhLA3te8AEbrL4Fn5BqAAcwXwTH+E0B7WsVBTKmbwHq/cgDh98rAlDJBgbaI+sD!9NL4AFYrJgRjzd0ASCmYAx8aVwXFe90BXVElBcsptwFzlZsBvw5JAkxr2AN60JcEYs70BPvcFAGvSRQC!
破械,king of tikuwa#6777,2021-11-01,ydke://ZgEeAGYBHgBmAR4AU2bdAMGs5QHBrOUBPFZOBTxWTgWgXBkDkFaQAZBWkAGQVpAB3ADiAdwA4gHcAOIByT0yA8k9MgPJPTIDxzvHAcc7xwGGZQ0FhmUNBV2D2wBdg9sAXYPbAD5IogE+SKIBPkiiASbrAAQm6wAEDfUMAQ31DAEN9QwBaExEA98WLwPfFi8D3xYvA8/v0ATP79AEz+/QBA==!uk7ZBcf4TQFh0cEBYdHBAc1bjAXNW4wFzVuMBb8OSQKkmisAALkIBAC5CAQAuQgEs8zmBRl2/wN3T98D!7I8BAFNm3QDBrOUBUZg+BeTWpAC1qRsBvyOnAg6eJgDByRED2iPrA++CFgDFqdoE7iX+BIvgngO9XYgE!
金華猫,king of tikuwa#6777,2021-11-01,ydke://CssAAwrLAAPzR7oB+bUBAfm1AQGzBVoFwKmUAMCplADAi7UCwIu1AsCLtQIGUr8AfHTLBYuwXgAZgoEAGYKBABmCgQDGeJIBxniSAcZ4kgF0MQ4FAUsKAAFLCgDUJxwAkAYjAPvcFAHDk9kBw5PZAcOT2QH5YBAD+WAQA/lgEANnGYQDZxmEA8Wp2gSQEnEEhgzYBYYM2AWGDNgFLHfWAA==!8296AvNvegJLPMkDZE+6A62jIwWtoyMFraMjBcsoaAHLKGgBcdItAzlsBQK8j8sCdJI9AybUWAC024AC!CssAA/m1AQHAqZQABlK/AHx0ywWLsF4ASzzJAzlsBQI60NgFweoDA7TbgALUJxwAkBJxBA==!
闇黒世界,king of tikuwa#6777,2021-11-01,ydke://CssAAwrLAAOtnIwDrZyMA62cjAOfAyYFnwMmBZ8DJgXzR7oBpadsAaWnbAGlp2wB7wEbA0gZqQBIGakASBmpAB0rYwMdK2MDWXtjBMWp2gRor+oCfLaGA3y2hgN8toYDMT5LADE+SwCP/6QAJXoWAhLZoAIS2aACrynTAh3XRgMd10YDKe9sAzvecANT9foEU/X6BJU3UQXd0XcAqGnEAQ==!HKTCBHqdfAJffHkD4890Av45DAWIF6UCpPhbAfNvegLzb3oCraMjBcw7QQRbqaAEW6mgBLPM5gWzzOYF!mbVcAArNwgB06SYB+9wUAd8VewI5QFgEULHmBV1p3gJor+oChgzYBRf7mgI=!
魔導獣,king of tikuwa#6777,2022-01-08,ydke:///5E1A/+RNQP/kTUD+d32APnd9gD53fYAtcqTBGxmoQFsZqEBbGahARa/RAQWv0QEFr9EBD5+XAA+flwAxvKzAcbyswEGpuYEBqbmBFNWbwVTVm8FU1ZvBdC+OwLQvjsC0L47AlTxRgJU8UYCVPFGAq6feASun3gErp94BF3N6ACIzEgCiMxIAojMSALf+2AC3/tgAt/7YAJRpYYCUaWGAg==!wRpyBL4jpwI7VM8EmSLnAZki5wGf2P0Bn9j9AUoW4QVEnWgE77fEAV86VQKLfCYCMqZvAVDJBga024AC!5hP8BNKooAXtN2cCxvKzAQam5gR35eMEW6mgBPvcFAFz8u4EoEFdBV3N6AA32OgAfKHvBVGlhgI=!
Ｋｏｚｍｏ,king of tikuwa#6777,2021-11-01,ydke://fInRAyS+VAMkvlQDJL5UA8IhPgHc2YsD30KhBd9CoQXUVb0Ap6+PBZwb/wOy9tkBsvbZAdJYZAPSWGQDJNfUAyTX1AMk19QDWXtjBP4KgATjNuEF4zbhBeM24QWuYAkErmAJBPitKQH4rSkBTfcBBE33AQRN9wEEgA9tAYAPbQGbdPUEm3T1BJt09QSNM2QFjTNkBTtJyQU7SckFO0nJBQ==!Ebm4BRG5uAURubgF1n9LAvLD7gLyw+4CrrGlBNZ/1wOadwcE9NusBFlGzQCkmisApJorAPlRfwT5UX8E!aSAgBUHwPgKO5z8CV3ITAO+CFgD73BQBOFHvAu4l/gSP9wQFy0uSAw==!
勝鬨超官Heart-eartH,king of tikuwa#6777,2021-11-26,ydke://kapqBZGqagWRqmoFI2yHASNshwGHvOcAtmq7ArZquwJuGVMEbhlTBD3YvgE92L4BPdi+ATauewQ2rnsEqmB8AnBUhAFwVIQBcFSEAesSoAMjNMcCIzTHAiM0xwINd7sBDXe7AQuYTQMLmE0DC5hNA1l7YwSU1XwFlNV8BZTVfAXcCr0C3Aq9AtwKvQJOZOIETmTiBE5k4gSfawAAn2sAAJ9rAAA=!marxAZmq8QG+NLwFvjS8Bb40vAVCiWkBQolpAbxU/AJ2Qs4FdkLOBe+3xAGhMG4BweoDAwMp4QUDKeEF!VVIEAgOjKwHvl9wDpAt7Bc+LcAN3d8IAcjxmAw8MMQL63BQB47AqAzxDbgS9w9IE+5oxAw==!
青眼連続攻撃軸,king of tikuwa#6777,2021-11-05,ydke://p6lXBampVwWqqVcF6btLAum7SwLpu0sC2Y3SAdmN0gGfptMDNse1AjbHtQI2x7UCEmxmAyq//QMqv/0Dn/s7BJ/7OwS3gE0DhpJoAIaSaACGkmgAhKpFAoSqRQKEqkUC3xV7At8VewLfFXsCr6HoAq+h6AKvoegC7iX+BE20vgKteSoArXkqAK15KgCo5S8FqOUvBYqaAAOKmgADipoAAw==!TrLqBdMjbgHmfiAA5n4gADXQkANZpBMEDp4mAJONUwKtQOUBfFuxAWpbIQGsekEFWVWBBf0dYgS024AC!uvdbAU6YSgU3MRYDrbPqABjtYgCf+zsEUzZwAiDAwAA6QVcCTjczAJPLXQLoDxsDJusABBSNnwQdhdEF!
マドルチェ2021,ofv#8705,2021-11-24,ydke://txvpBFiXxQGV7nIEcq3BAnKtwQLooB8D6KAfA+igHwOk4KMEpOCjBKTgowQ7GrUAOxq1ADsatQCiLhECoi4RAqIuEQIP53EFD+dxBQ/ncQUqlWUBKpVlAeR3BwH73BQBj/cEBY/3BAWP9wQF145WBdeOVgXXjlYFbIOJAWyDiQEj1p0CI9adArm1mgNlskAEZbJABBal1QBKCBAESggQBA==!a9TMBNcV3wWVI6QClSOkApUjpAJVFTcCVRU3As5qNgHOajYBzmo2AbpO2QXtaxUFmCW7BZgluwWNJ5gD!2kawBFiTxQKVEMYAX0xmBb8OSQIh1zwAQ77dACgmIQI+pHEBRXXFAJwZ4wC0/F4B!
儀式融合ブラマジ,ofv#8705,2021-11-24,ydke://rvTMAq/0zAKz9MwC7PguAKj50gHhVkQCy/eAAmEYbABhGGwAYRhsAEe80QVHvNEFR7zRBfUquwD1KrsA9Sq7AP5PIwAseLQAYlmeA1l7YwQM+sMFDPrDBQz6wwVNtL4CeENfAXhDXwF4Q18BBB2MA2pPewQIj9ACCI/QAgiP0AIsvgcELL4HBCy+BwSk4LAFpOCwBQrQ5gIK0OYCjwgoBQ==!j1kIBXqdfAJS6REF1pD+AicJwAWelpgA0YO5BPLD7gL/JrsCqRp+AEkllgAPDDECXL8xBEF53AGaVRIC!6RxGBNpGsAQBv6wA4890AkxoSQCWhp4A/uPsAb8OSQLMO0EEaUzmBW47GwAQ1HwCXWneAuPkeAA=!
氷水Solo,ofv#8705,2021-11-24,ydke://VDQzAFQ0MwBUNDMAaoT6A2qE+gNqhPoDxzRIA6SJSQOkiUkDpIlJA7/gtgF4FO8EyOphBcjqYQXI6mEFYe/ZAWHv2QFh79kB04DABEWAWAJFgFgCRYBYApduswSXbrMEl26zBCgmIQIoJiECKCYhAsd4TAPHeEwDx3hMA1l7YwTuJf4ERP1sAET9bABE/WwAo0cLAqNHCwKjRwsCUgo0Aw==!G+BbBWOEwgU6Uc0A2KxVAP8KBwNes+cCFNoGBMC1qAXAtagFwLWoBdIbQQFzKgUFHBDbAhVvtwQVb7cE!!
穏やか海晶乙女,ofv#8705,2021-11-24,ydke://JgJuAyYCbgMmAm4DaBd7BWgXewVoF3sFXSP0BV0j9AVdI/QFpE9BAaRPQQGkT0EBH9UsAh/VLAIf1SwC0DnAAdA5wAHQOcABzOmtAczprQH73BQBPw0aAj8NGgLIMWgDyDFoA8gxaANdx2oDXcdqA13HagNZe2MEwE3HBSy+BwQsvgcELL4HBIP5bAWD+WwFg/lsBargJwOq4CcDVYX9BA==!FNoGBMC1qAXAtagFHBDbAoR8nQXEcD8Bo0tUANESCgUVb7cEjmCRA2g0CQR2WpsCdlqbAulR1AHpUdQB!YGl2BQ6TvwN4G/wDN4kAA+y4BgBes+cCd6ZpBRVvtwTUJxwAC0LGBA==!
水晶機巧,ofv#8705,2021-11-24,ydke://+Dc0APg3NAD4NzQA52nfA3I2TANyNkwDcjZMA/NLxwHzS8cB80vHAUSBdwJEgXcCRIF3AqM/+QSjP/kEoz/5BNskQgDbJEIA2yRCAIlm/QMyQVcDMkFXA7HzMQGx8zEB8jeVBfI3lQXAqZQAwKmUAFl7YwTFqdoEurOYBLqzmARAUQ8ALL4HBCy+BwQsvgcEwyYcA8jN6gXIzeoFyM3qBQ==!41JCARXfCwU6Uc0ALPQjA7iBCQPYrFUAt79iBF0wFAQ9OcgF7iaNBIPjPgJ90GECvFT8AsHqAwPsrn8D!IUQABRSlogMb4FsFbcV2BNnaKQCuZTIFJ1qkAXlqkAAz8vsCOuy/AnJ+hwTfkDYA!
夢魔鏡,ofv#8705,2021-11-25,ydke://oOpHAqDqRwLLkxwA0LTyBdC08gWADLgDgAy4A4AMuAODixUB0/tfBdP7XwXT+18FUPaFBFD2hQRQ9oUEhp7xAoae8QKGnvECj/cEBY/3BAWP9wQF145WBdeOVgXXjlYFKxHgBSsR4AW6qrQDuqq0A7qqtAPzBhAA8wYQAPMGEACzTnMEs05zBLNOcwQDMIwBAzCMAQMwjAELQsYEmovUBA==!8ekYAvHpGAID7T4CA+0+Aq0cmAXGM2MDtfABBTwjoAXtaxUF8sPuAqSaKwCRJsgA6yv/ArTbgAKNJ5gD!KPWZAQrLAAPmDpoBhdaJBZchZAUctuUCWXtjBLsKYQRkXTsClTdRBS7LqQM=!
ウィッチクラフト,ofv#8705,2021-12-10,ydke://coI8BEAAvwOpaEgBVLgJBV0ldwOgyksBoMpLAaDKSwHoVK0F6FStBehUrQUPQ5EDOhrcA6HfpACRu3MDkbtzA5G7cwOM0H0DjNB9A4zQfQPt9GIE7fRiBCYU9wQmFPcEJhT3BI/3BAWP9wQFj/cEBU46+gUlJWQDcZEvBNkxLAFtM2YCbTNmAgrn9gTUQTsF1EE7BapVSANHxqIFR8aiBQ==!TTr6BU06+gW6TtkFzrvlAe1rFQXtaxUFxEQhBcREIQX/JrsC/ya7AqkafgBJJZYAsN7oArDe6ALXnV4E!R7zRBehU6QDaI+sDOFHvAsWp2gQXydAD!
穏やかふわんだりぃ,ofv#8705,2021-12-01,ydke://0vYrA/0IzgSu2yEEGdbZAde4DQDUEz0D1BM9A9QTPQOPT8sEj0/LBDUDIQE1AyEBNQMhAWUFEAH73BQBWXtjBP4KgASP9wQFj/cEBY/3BAXjNuEF4zbhBeM24QWEJX4AhCV+AKUwHgSlMB4EpTAeBNcxTwOtPxIE+K0pAfitKQH9La0B/S2tAf0trQFA53QCd14xA3deMQPiRjkF4kY5BQ==!XGCMA1xgjANr1MwEa9TMBMEacgTXFd8F1xXfBcgyjgFXYWQDzrvlAe1rFQUdtfEFHbXxBeqqmQHqqpkB!v/GlAE5idAJXh6wFGXrDAddUXwQx8YYAodgUAx5C3gTGN38F2UdZACJyzQEHPqAE!
トリックスター,ofv#8705,2021-11-25,ydke://MeoGBTHqBgX/8dkF//HZBf/x2QVHHacDRx2nA0cdpwMpfo0DqBoZAqgaGQKoGhkCjQ7iBY0O4gUQA38DM2O5AzNjuQMzY7kDWXtjBI/3BAWP9wQFj/cEBZ9ZSQXXjlYF145WBdeOVgW7CmEEeZUZBXmVGQVFIFIBRSBSAUUgUgGsuxsCbl8NA25fDQN0mEEB9Dd8BPQ3fARS9foElTdRBQ==!iLNwBSQ4dgJ+3zkACrUrBQq1KwUKtSsF/SDvAf0g7wH9IO8BIGEKAzfkowV/NNsAfzTbABmdmwQZnZsE!PkJ0BbBHsgMuDFMBmtgsBRbSFwCtoyMFi0C7BcA5egRvdu8AyFFYAw==!
AF幻奏,ofv#8705,2021-11-25,ydke://qihaAKooWgBaojUBMpUSBTKVEgVMTb0ETE29BIAGagKABmoCI0XhACNF4QAjReEAlnb0AJZ29ACWdvQAc7S/A3O0vwOO5z8Cjuc/ApnIlgSZyJYEmciWBCqVZQEqlWUBo1N9AqNTfQKjU30CqQ+LAKkPiwCpD4sAME6jAjBOowIwTqMC7iX+BF7XuAGc4b0AnOG9AJzhvQDLS5IDy0uSAw==!pHd4AaR3eAFM024DTNNuAwPSEAVP4ewEx/hNAc675QHtaxUFvw5JAqSaKwD5UX8EuyVyAP6qFQL+qhUC!gAZqAg==!
穏やかドラゴンメイド,ofv#8705,2021-11-25,ydke://qalXBRLRQgUS0UIF2Y3SAV7U8QBe1PEAQraBAkK2gQK6nJMEupyTBLqckwTYb/EB2G/xAdhv8QF4ygIBeMoCAXjKAgEts0UFLbNFBS2zRQX5bGgC+WxoArkHZAK5B2QC3xV7At8VewLfFXsCO7epBDu3qQQ7t6kE7iX+BI/3BAWP9wQFj/cEBddl8ABCKd8A9xlsA/cZbAP3GWwDuMueBA==!g2d6AYNnegEHKXUCByl1AgcpdQJPbIkF3Jh8ALLJngC6TtkFpJorAJa6cwGWunMBlrpzAf0dYgT9HWIE!YXb0AtpGsAQDiZUBweoDA+sr/wKvoegC5b2nAQ==!
穏やかクリフォートSolo,ofv#8705,2021-11-26,ydke://vigNAxO65wMTuucDE7rnA5RBoAGUQaABdkpjArp9xwC6fccAI8xqBUMj2ANDI9gDhX84Ba6zQwKus0MCrrNDAntmegV7ZnoFe2Z6BTj/vQA4/70AF9CTAhfQkwI4Ue8COFHvAjhR7wJY58EEWOfBBFjnwQSP9wQFj/cEBY/3BAUakmEB7iYNAe4mDQGYppACJupDAJkBOAGZATgBm7A3AQ==!tVyfALVcnwCIEXYDiBF2A4gRdgOAThQFgE4UBYBOFAXFJ1YBxSdWAcUnVgEypm8BIdc8ACHXPAAh1zwA!+d32AJ9UTgC4t48D//fBBWyDiQE=!
教導ゴーストリック,ofv#8705,2021-11-26,ydke://DOCVAAzglQCfOycEqfKzBUgpmANIKZgDSCmYA9zV3APc1dwD3NXcAyQ20gQkNtIEJDbSBPN8owHh+CgC4fgoAgnEbwHOBswCzgbMAs4GzAK7zD8Du8w/A6DQ4QT4JuIF+CbiBfgm4gVqSB4ARTcpBEU3KQRFNykE057AAdfA8gUnl54Bo2rUAqNq1AJARa8D3PLQBJkkKAWZJCgFgaAdBQ==!Lk53AsEacgTXFd8FcdItA3HSLQM7A34EOwN+BI+z6wG8j8sCvI/LAu1rFQWpGn4A1lwjAtZcIwLWXCMC!o3Q/Ayz9EgRLPMkDlyFkBdQnHAAmOnQA4SVvAqj7AgOVN1EFcGs1Ag==!
穏やか純イビルツイン,ofv#8705,2021-11-26,ydke://KIuzA9/XCQDf1wkA39cJABBLKgIQSyoCEEsqAvDmOwPw5jsD8OY7A7BDZgSwQ2YEsENmBGAq1QRgKtUEyDFoA8gxaAPIMWgDP7CxAz+wsQM/sLED1Vl7ANVZewDVWXsAZHg9AmR4PQJkeD0CsIAdAncUqgEvHJ8DLxyfAwtCxgQLQsYEC0LGBCtLiwUrS4sFDdzcBQJgDALSMjQC0jI0Ag==!uk7ZBcpSlQXKUpUFylKVBWHRwQFh0cEBgV3MAkV3jABFd4wARXeMAO6dLgLunS4C7p0uAo5gkQNLD3sB!nzsnBEgpmAM3iQADlyFkBV9MZgWZKDECCjRABcx39wEad90CakgeAO4l/gT56PAFts/xBA==!
純インフェルノイド40,ofv#8705,2021-11-28,ydke://TdLhAE3S4QBnq2UBZ6tlAVFfQwVRX0MFzAcPA8wHDwPMBw8DYa+5BWGvuQUV3IkBY4BUBWOAVAVjgFQFgAoaA4AKGgOAChoDkUGNAZFBjQGRQY0BfdR7A33UewN91HsDaPGbA1u/kAJbv5ACW7+QAozQfQOM0H0DjNB9AxnN3wEZzd8BGc3fAc6asQTOmrEEzpqxBI5l4QGOZeEBjmXhAQ==!1W7uBNVu7gS0tiwDa9TMBGvUzARr1MwEk41TAq1A5QGCr/4AF3/GBO+wrgLB6gMDggNCAtz4aAGNJ5gD!F4jBA0EkdgPBGnIEO1TPBCDAwADOAs0D2AMZALdhUQH4aqQBZiH3ALiEKAU=!
純蟲惑魔,ofv#8705,2021-11-28,ydke://DOCVAAzglQA5rbYEksRNAz7mugI+5roCPua6AvXxeAX18XgF9fF4BWV87gRlfO4EZXzuBCp/uAEqf7gB4vc/BdlTrgGP9wQFj/cEBY/3BAXXjlYF145WBdeOVgVnI8YBZyPGAajmPgGo5j4BXqPAASHrwwE3Y+EBN2PhAeSGXgOg/yUEoP8lBKD/JQQLQsYEC0LGBM394wXN/eMFzf3jBQ==!MfBXAohchQOIXIUDT+HsBAlaYwAJWmMAuk7ZBcuIDgDLiA4A+VF/BCHXPAAh1zwAu6RjBLukYwS7pGME!2J0/BCUzawAbv1AAwPNDAi9q1gI3iQADE71YBFCYSwOG9k0EJ2QwA4APbQF3FKoBfKHvBQ==!
インフェルノイド60,ofv#8705,2021-11-28,ydke://TdLhAE3S4QBN0uEAZ6tlAWerZQFnq2UBUV9DBVFfQwVRX0MFzAcPA8wHDwPMBw8DYa+5BWGvuQVhr7kFFdyJARXciQEV3IkBY4BUBWOAVAVjgFQFgAoaA4AKGgOAChoDkUGNAZFBjQGRQY0BfdR7A33UewN91HsDaPGbA2jxmwNo8ZsDu4ipALuIqQBbv5ACW7+QAlu/kAKM0H0DjNB9A4zQfQNZe2MEgwAeBYMAHgWDAB4FuIQoBbiEKAW4hCgFGc3fARnN3wEZzd8BzpqxBM6asQTOmrEEfLaGA3y2hgN8toYDjmXhAY5l4QGOZeEB!1W7uBNVu7gS0tiwDa9TMBGvUzARr1MwEk41TAq1A5QGCr/4AF3/GBO+wrgLB6gMDggNCAtz4aAGNJ5gD!F4jBA0EkdgPBGnIEO1TPBCDAwADOAs0D2AMZALdhUQH4aqQBZiH3AA==!
絵札のエクソシスター,ofv#8705,2021-12-20,ydke://kapqBSNshwEjbIcBPdi+AT3YvgE92L4B75fcA++X3APvl9wDJGP7ACRj+wAkY/sAxYvCBMWLwgR1T50CdU+dAnVPnQKIq1EAiKtRAIirUQDvsSAF77EgBaab9AGP9wQFj/cEBYMAHgXXjlYF145WBdeOVgWU1XwFlNV8BZTVfAWGQ0MA+t2kBPrdpAT63aQEHwHWAWqJpARqiaQEaomkBA==!TskGBk7JBgbGM2MDRJ1oBESdaAS18AEFvS6MAr0ujAK9LowCHz+oBB8/qASVnnkClZ55ApxkVACcZFQA!PV+dAx4JqANzlZsBfHvkAwvqDQAzw5YC!
多色青眼,ofv#8705,2021-11-29,ydke://qalXBampVwWpqVcF6btLAum7SwLpu0sC2Y3SARJsZgMqv/0DKr/9Ayq//QOf+zsEn/s7BJ/7OwSD4MEER7x9AEe8fQBHvH0AkAYjAJ9UTgBgaA0BhKpFAoSqRQKEqkUC3xV7At8VewLfFXsCr6HoAq+h6AKvoegC7iX+BKO8kQWjvJEFo7yRBWeOPQRnjj0E6V9ZAWJqswNiarMDYmqzAw==!5n4gAN2drgBjhMIFVi0OBVM2cAI10JAD5jACArxU/AKtQOUB3Jh8ALLJngDB6gMDXL8xBJa6cwG024AC!n6bTA06YSgU3MRYDYnVCBXebkwKBnV4Dr7qDBTO0MgAOniYAk41TAms8MgD68aIAkh4gAg==!
純影霊衣,ofv#8705,2021-11-29,ydke://dHYrAzK6JAOXI6gBlyOoAZcjqAHdF7EF3RexBd0XsQXB/GEFwfxhBcH8YQWF1okFhdaJBYXWiQW0PloCtD5aArQ+WgJQgBoDUIAaA96MigGsBGsEJAaXASQGlwEkBpcB8RpVBfEaVQXxGlUF6XHpBelx6QXpcekFppv0AQz6wwUM+sMFDPrDBVLZ4ABPGAwDTxgMA08YDAMPVcsFD1XLBQ==!XGCMA2vUzAQRhIoCHr0ZAGOEwgVWLQ4FuIEJA9cV3wU1tL4ENbS+BDW0vgTPi3ADgGuGABwQ2wIVb7cE!qxxjA9IJQgFnc0IF9JgkAiHVeAH/CgcDMfBXAkqi2AQ=!
純閃刀姫,ofv#8705,2022-01-09,ydke://CssAAwrLAAMfmPwBy+iNAcvojQHL6I0B3e45AuDwSQGlDYwBppv0AbALwgKM0H0DjNB9A4zQfQOP1sMDj9bDA2++MQRvvjEEWXtjBKYF7wWmBe8FeGuUAHhrlAB4a5QAJaiIAdqsDQPcph4DaIXcBWiF3AVxX24BcV9uAXFfbgF4gtEF4gT7AuIE+wLiBPsCLL4HBNbF0AHWxdAB1sXQAQ==!vw5JAqSaKwAJqXoECal6BAmpegQskYEALJGBACyRgQA+ir0APoq9AD6KvQD+tMUDiJBnBYiQZwWIkGcF!DOCVAJAScQQ=!
憑依教導P.U.N.K.,ofv#8705,2021-12-22,ydke://T+rhBE/q4QRP6uEEZkhVA2ZIVQNmSFUDAfXQAAH10AAB9dAANskGBjbJBgZIKZgDSCmYA0gpmAMtTsoALU7KAC1OygDMvQQDj9zjBI/c4wSP3OMETRcqAU0XKgFNFyoBakgeAK5gCQSuYAkE/KN0BfyjdAX8o3QFsPMNAZvn1gS6lpoCupaaArqWmgL5h+AD+YfgA8MvLQTDLy0EpzeIAQ==!Lk53AlZvFwFWbxcBS8kGBjoxqgI6MaoCG+BbBWOEwgUv70gA5jACAvx9WwSZIucBlY/HA7xU/ALB6gMD!KqSIBSY8zQE3UIUAD//xBUNYMQBWLQ4FJCFqAnfl4wTXFd8FMPX5Ab1BTAAR6j0EJusABGEyGwU=!
アロマ,yori#3941,2021-12-01,ydke://OMEfBTjBHwX8eWwCWbN9A1mzfQNZs30DNWniAQYM3AMGDNwDklxSAZJcUgGSXFIBqOXmAqjl5gLhWJ0D/uTEBf7kxAX+5MQF8zbYAPM22ADzVUcB81VHAfNVRwEAkxcFAJMXBQCTFwWWvP8Alrz/AJb3QAIm6wAEWXtjBO4l/gSDAB4FGuyGABrshgBQbbcAUG23AFBttwAUEU0AFBFNABQRTQB58ZMCefGTApU3UQUWmOcAFpjnABaY5wD/Ta8B/02vAf9NrwEn338FJ99/BSfffwWP9wQFj/cEBQ==!QolpAVsYjAFbGIwBWxiMAS91vwQvdb8EL3W/BAQYRgIEGEYCBBhGAhQ9rQUJgEMBCYBDAQmAQwE=!!
カタパラビエル,yori#3941,2021-12-01,ydke://dC+1AS7J7wEuye8Bl3MqBJdzKgSXcyoEralbAHextAWDgj0Fg4I9BSpRzgAqUc4AqYfOASmfOgApnzoAKZ86AGN71ARje9QEY3vUBEjvUARI71AESO9QBLCyogGwsqIBsLKiAfvcFAEoJiECKCYhAigmIQLt9GIEoOLWBMWp2gTuJf4EKfJQBZAScQQj3C8EI9wvBCPcLwTFd1UE4XjJBOF4yQTheMkEh/jKAIf4ygCL4J4Di+CeA4vgngM=!gOWVAoY4lQO024ACtNuAArTbgAKxSZ4F!!
ワルキューレ,ofv#8705,2021-12-01,ydke://3SXVBd0l1QUo9ZkB8Tz9BIahIQBAcPsDeQrQAXkK0AF5CtAB/i4uAP4uLgD+Li4At33cBLd93AS3fdwEQ5vIAkObyAJDm8gChdaJBYXWiQWF1okFEk8oBBJPKAQSTygEtOChArTgoQK04KECkAYjAPvcFAE4Ue8COFHvAjhR7wKST+oDkk/qA5JP6gOP9wQFj/cEBY/3BAWvl34FpnocAw==!x/hNAQq1KwWkmisApJorAH802wCMuWEFjLlhBYy5YQX5UX8E+VF/BBl2/wMZdv8DGXb/A7TbgAK024AC!5qeOAOanjgBfTGYFX0xmBURTtwBEU7cAx/hNAVW3UgRVt1IECrUrBaSaKwB/NNsA+VF/BCqoFAAqqBQA!
真竜（EXあり）,king of tikuwa#6777,2021-12-01,ydke://IgmEAyIJhAMiCYQD2k5XAdpOVwHaTlcBeaWpBXmlqQV5pakFuLePA7i3jwNZe2ME4zbhBeM24QXjNuEFnFXCBJxVwgScVcIEqDEvAf5A8gL+QPIC/kDyAijmfgQo5n4EKOZ+BPitKQH4rSkBRebGAJP9XwGT/V8Bk/1fAXf6FwJ3+hcCd/oXAtIyNALSMjQC0jI0AoHdqgOB3aoDgd2qAw==!mGNIAZhjSAGkZEsC5+aFBefmhQX+4+wB+wacBGA3RQHvt8QB77fEAdnNAQNfOlUCXzpVAqSaKwDOUIYA!txvpBC9RqQUOi1wBuLePA9W0rAMeQt4E2UdZAIEWrgM=!
ドレミコード,king of tikuwa#6777,2021-12-01,ydke://ro3QBK6N0ASujdAEbv6/Am7+vwLT5D0D0+Q9A9PkPQO1ypMEPyerAb6tdQW+rXUFvq11BVGCOQNRgjkDUYI5AwsCrQELAq0BNCGFBTQhhQU0IYUFKa9KAymvSgMpr0oDgUSpAYFEqQGBRKkBuMMsA69JFAKvSRQCeGzEAXhsxAF4bMQBfWNXA31jVwNRpYYCUaWGAnB6fAVwenwFcHp8BQ==!tLYsAykxlgVBJHYD4ji4AuI4uAIsQ94Fgq/+AEqRpQJKkaUCpAt7BRd/xgT/JrsCETTSBTKmbwE=!VzJMAfvd9gCaQEQBldsJBPcLlgK0tiwDQSR2AztUzwSCr/4ASpGlAhd/xgQMENQBWXtjBHPy7gTLS5ID!
ウィジャ盤（Solo）,king of tikuwa#6777,2021-12-18,ydke://7I8BAFNm3QDBrOUBoFwZA6BcGQNRmD4FYoDUBGKA1ATj1qQA49akAOPWpACGZQ0FhmUNBYZlDQVIan4DNRQsATUULAFdg9sAXYPbAF2D2wBZe2MEZV/MARio5gHtuQIECBymBc6v/QDOr/0Azq/9AIvgngOL4J4Di+CeA71diAS9XYgELh5uAi4ebgIuHm4CoWbuBFaRnQVWkZ0FVpGdBQ==!Dp4mAA6eJgCTjVMCk41TAq1A5QGtQOUBalshAffdvAOAUpUBluV1A6SaKwCkmisA+VF/BOyufwPsrn8D!7I8BAFNm3QDzRS0CwazlAVGYPgWqFgkAtakbAb8jpwLvghYA74IWAO4l/gQYqOYB!
花札,king of tikuwa#6777,2021-12-02,ydke://+lLOBPpSzgT6Us4EaIdaBX8KOgN/CjoDfwo6A6U4TAGlOEwB1o8FAdaPBQHWjwUBEkKgBRJCoAUAvmkDAL5pAwC+aQNDxVMAQ8VTAEPFUwCGmM8BhpjPAYaYzwFwgvQAcIL0ANNv3wTTb98E02/fBFPD1QFTw9UBU8PVAaab9AHe0RMD3tETAyiy8QMosvEDKLLxA6QHXgSkB14EcCuyBHArsgRwK7IE!EYSKAuOKNgXjijYFKwgNAmFQhQJhUIUCYVCFAr2GPAC9hjwAvYY8ADbN/wE2zf8BNs3/AeSXuwFkT7oD!74IWAJAGIwAm6wAE!
幻煌龍,king of tikuwa#6777,2022-01-08,ydke://iWdgA4lnYAOJZ2ADgIbgBICG4ASAhuAEgIMjBIoj0AUUMVwBFDFcARQxXAE4Ue8COFHvAt7REwNZe2MEj/cEBY/3BAWP9wQFWB54A1geeAMXRxIAF0cSABdHEgCmH+EC3SGDBN0hgwRrBSsAawUrAGsFKwBPaQsCT2kLAk9pCwJ926gDfduoA33bqAOVN1EFlTdRBVo/1AV2LE0B3w/pBA==!0iNuAdMjbgHUI24B4QqeAeEKngHhCp4B7pq1AO6atQDumrUAml9nBZpfZwWaX2cFaUzmBWlM5gVpTOYF!zpiRAgZPFAH+Pw0FLLvrAlk+7gAL6g0AURIfBKYf4QKT/V8BqcayBStHIwGhZu4E!
帝王（領域なし）,king of tikuwa#6777,2021-12-02,ydke://HPBfARzwXwEc8F8BfekzBfGMwQXxjMEF8YzBBaTqbwOk6m8D4/sdA+P7HQPj+x0DkFaLA5BWiwOQVosD846wBfOOsAXzjrAFDotcAQ6LXAEOi1wBppv0AS7WAAIu1gACLtYAAigmIQIoJiECKCYhApxVwgScVcIEnFXCBNcxTwPXMU8Dk8vfBZPL3wWtPxYBrT8WAb2pOwO9qTsDvak7Aw==!!kapqBf+6WQTQ0+cErtshBEPeVQFs4eAEbIMvAJAGIwD73BQBj/cEBdLVcADG5qkDxEFdAXrr5QXvWucC!
純ホーリーナイツ,ofv#8705,2021-12-02,ydke://4gtqBeILagXiC2oFNVFiATVRYgE1UWIBIoycASKMnAFinSkFYp0pBaF2BgChdgYAoXYGANfBhwMSrwAAEq8AABKvAABMaEkALc1PAS3NTwEtzU8BDTlpAg05aQINOWkCj/cEBY/3BAWP9wQFF8nQAyVSCAElUggBDgMaBQ4DGgUOAxoFzjR7A2a5egNmuXoDZrl6A394TwF/eE8Bf3hPAQ==!n5BqAJ+QagCfkGoAT+HsBE/h7ARP4ewEJtRYACbUWAAm1FgA7WsVBe1rFQXtaxUFSSWWAEkllgBJJZYA!/c5SA8LZ+wE4Ue8C!
アルバスこすり,king of tikuwa#6777,2021-12-07,ydke://xrvAA8a7wAPGu8AD674UBOu+FATrvhQEKwm2AisJtgIrCbYCWGhLA1hoSwNYaEsDJRhbACUYWwCD7KQCg+ykAoPspAJPY7IDT2OyA09jsgOG+cgBhvnIAYb5yAEAgiEBAIIhAfTovwH06L8B9Oi/ActLkgPLS5IDy0uSA4Xf/wOF3/8Dh/VUAof1VAKH9VQCO0nJBTtJyQUt3g4BLd4OAQ==!d56hAneeoQLjz3QC4890AsRENATERDQEfBgdAHwYHQB8GB0ANcATAjXAEwIuTncCLk53AojmOgWI5joF!d1uEAdsc+wXZHPsFTspOBEjI4AJqSB4AovsVAibrAAQm6wAEWHvuBPJ/oQAjhPUEEiaUBfcc+wU=!
烙印,ofv#8705,2021-12-08,ydke://WJXtBaFw3ATOKd0CzindAs4p3QLGu8ADxrvAA8a7wAPrvhQE674UBCsJtgIrCbYCKwm2AlhoSwOhdgYAoXYGAKF2BgCWZCMBlmQjAYsiLgKLIi4CiyIuAu+CFgDvghYA74IWAIPspAKD7KQCg+ykAob5yAGG+cgBhvnIAb4KLwK+Ci8CvgovAlh77gRYe+4EWHvuBACCIQGF3/8DLd4OAQ==!Ab+sAHeeoQJ3nqEC25fRAMLDNgHjz3QCxEQ0BE7KTgR8GB0ANcATAi5OdwIuTncCiOY6BYjmOgVcvzEE!d1uEAU+baABr1MwEovsVAk9jsgN8/Q4CcuruBQ==!
アメイズメント,ofv#8705,2021-12-05,ydke://9tumBfbbpgX226YFfstZAX7LWQF+y1kBviEDBL4hAwS+IQMED2rWAThR7wI4Ue8COFHvAo/3BAWP9wQFj/cEBXdEYQA3EDIENxAyBDcQMgTYVwMC2FcDAkVFQAFFRUABW77HAVu+xwFmPEsDZjxLA8sb/gPLG/4Dyxv+AyK6hQUiuoUFIrqFBUZLkgVGS5IFvOLKBbziygWtfekFrX3pBQ==!F3/GBBd/xgQXf8YE5Sq5AeUquQHlKrkBT+HsBE/h7ARP4ewEuk7ZBbpO2QW6TtkFSSWWAEkllgBJJZYA!!
勇者,ofv#8705,2021-12-23,ydke://fxdRAYcdJwCHHScAhx0nADfJBgY3yQYGN8kGBpJG8ANTJtQBUybUAVMm1AEnFGMDJxRjAy8iMgAvIjIALyIyACgmIQI4Ue8COFHvAugPGwPoDxsD6A8bA8Wp2gSP9wQFj/cEBY/3BAXDwlsCw8JbAsPCWwL4rSkBQ+E7ArA1TwIIXO4DNwaBBfAS1ANJCHAF/IGlAfyBpQH8gaUB19jQAw==!jjttAY47bQGOO20BHYiSAx2IkgMdiJIDaUzmBWlM5gWaVRICmlUSAppVEgK024ACtNuAArFJngWxSZ4F!!
ローズ,ヘルガッチャ#0241,2021-12-06,ydke://q2UOAatlDgHZ2+QF2dvkBddcugDXXLoA11y6ABjilQUY4pUFGOKVBeL1dQPi9XUD4vV1AzqLjgE6i44BOouOATmSLQA5ki0ADE2hAgxNoQKwV2gFsFdoBbBXaAXfJLwB3yS8Ad8kvAE/D/YDJ2QwAydkMAMnZDADo2gfBKNoHwQuCuEDLgrhAzo4RQT33AYF99wGBZAI6AWQCOgFkAjoBQ==!3XxkAt18ZALdfGQCt79iBLe/YgS3v2IEpHdBAGOvLQNjry0DY68tA9qrjwTaq48E2quPBIb2TQSG9k0E!Qbm+Bdnb5AU5ki0ADE2hAob2TQQ6OEUE99wGBQ==!
BF,ヘルガッチャ#0241,2021-12-06,ydke://DhU+AKUj2wSlI9sEpSPbBDSR1QQ0kdUENJHVBPWIgQP1iIEDxLzrAsS86wLEvOsC5ZzhAMWp2gTiSBQF4kgUBeJIFAUNqB4ADageAA2oHgCa+1EFmvtRBV8mrgFfJq4ByW9cAclvXAHJb1wBHkGZBB5BmQQeQZkE8dhjBPHYYwTx2GMESulxBUrpcQVK6XEFPtZYBD7WWARaUXIDWlFyAw==!74DQBN06OQPdOjkDfCf7AbSGiQAF7vQABe70AKj44gQHVR0EB1UdBNcyqgU/nZUEP52VBNcpCQGH3ysC!5ZzhAOWc4QDB6gMDRmQEA0ZkBANGZAQDk4ycBT7WWAQ=!
BK,ヘルガッチャ#0241,2021-12-06,ydke://789RAO/PUQDvz1EAY0EeAmNBHgJjQR4C3swPBN7MDwTezA8EBbvzAQW78wEFu/MBIrDCBCKwwgQisMIE/iTLAP4kywC1J60DDghxAedpRQDnaUUARTklBaab9AGxTDMCsUwzArFMMwLkPdcC5D3XAnzzcAPuJf4EIWOBBcNl+wHDZfsBEblxAPtmUAExz2sCEedhA5Tf/QRGr0EFPYCvAA==!ltsSBZbbEgWW2xIFgdeNA4HXjQOB140DwHBJBMBwSQQnf2IBJ39iAfeqkAQdiJIDHYiSAw==!HYiSAwX+qQUF/qkFV5imBVeYpgU=!
psy紋章獣,ヘルガッチャ#0241,2021-12-06,ydke://jrHnBI6x5wSOsecE1VqYA9VamAPVWpgDVmkzBVZpMwVWaTMF8aYmAfGmJgHxpiYB/AnoBPwJ6AT8CegEGpenAxqXpwMal6cDWxkFBVsZBQVbGQUFxwCFA8cAhQPHAIUD45cLAeOXCwHjlwsBF0M4AhLjKgAS4yoAE+V+BBPlfgQtMpQCLTKUAi0ylAJQ5RkAHkRQAmdBbARBZ7kCQWe5Ag==!2NxoAdjcaAE5FdMCORXTAkK7JABCuyQAzlCGAM5QhgDOUIYAUJhLA1CYSwNZC1cEwRpyBK2BNwI=!EpbDBU2OZANZC1cE73SHAxLjKgCGGgkFhhoJBQ==!
SM捕食騎士団,ヘルガッチャ#0241,2021-12-06,ydke://9NL4AFcyTAH53fYA+d32APnd9gCVJJMBlSSTAe03ZwLxUM4C8VDOAoFv6wWBb+sFHWgIAR1oCAEzNxoCjCjYBMwdrQPMHa0DhwuOA4cLjgM12M0DA/E2AwPxNgMD8TYDGtQrAhrUKwIa1CsCzstQBc7LUAXOy1AFBqbmBAam5gSZ5oACATb/ALp4dQWOR20AvadvAb2nbwHd1+IBs/69ArP+vQJ9oN4CfaDeAn2g3gJz8u4EYlV8AGJVfADd1T8F3dU/BR1nqAGz/r0CHWeoAVR1cQFUdXEBIeO7AyHjuwOC+p0Ezf3jBc394wXQvjsC!st2uAqhE4ANJMvgC4890ArS2LAPfaYYBuIEJA0EkdgM7VM8Ed+XjBIyOggLiOLgCgeMjBYKv/gBmIfcA!wugSA9lnUAQpcEMFtUwrBD05yAWlvRgAXL8xBPuv6QOBVTIAHWeoAQ==!
アームドドラグ二ティ,ヘルガッチャ#0241,2021-12-06,ydke://j1h3A1aHKwNWhysDkL7IA7ZCJAG2QiQBUU9nBBB9nAVoIlQFKl8NACpfDQAqXw0AsMVIAbDFSAEVlRMBU6hQBVOoUAVTqFAFIBGJBTUMrgGkXygDfTdmA303ZgO1zUADtc1AA4PfywDHvisEx74rBMe+KwTO3VAFCY+MAcmYMgLXX74BA4mVAQOJlQEDiZUBcsqPA3LKjwNOpeIEkAYjAA5figEOX4oBXyEQAl8hEAJfIRACqedUBannVAWp51QF9CUoA/QlKAOBgckFgYHJBWuakwNrmpMD1Ba2A9QWtgPUFrYDt/xuAyZnuQEAKBcD!OAjqAkVbQgW4gQkDe+OHAe3PLQJ35eMEMthdBbuRCAI2JPgCgT9EAYWtvgC14OAEpGxOAsyitgA=!kVuLA1aHKwP/D94Etc1AA87dUAUDFs0EDLLvBXDtPgNqCawDl63wBQ==!
エレメントシャドール,ヘルガッチャ#0241,2021-12-06,ydke://0YtHBNGLRwTRi0cEhLg4AH5buQL796EE+/ehBPv3oQS8xs4BvMbOAfNHugE0AtAF+e8VAfnvFQE9IlcEPmbEArCMCgOwjAoDcmBLAHJgSwByYEsAjXkiARr78gSvXjsCppv0ATdnpQI3Z6UCN2elAqrsYQCq7GEAquxhAF1p3gJdad4CUkmrA1JJqwNSSasDQgDgBGSaQAFkmkABZJpAAQ==!GbN1BBmzdQQO6iUBDuolAcLDNgHCwzYBwsM2Abbn4gI2yQgDNskIA+BMaQT1PKkF9jypBSz0IwN0ky4F!Y83dAD0iVwSwjAoDr147AvhqpAGxlvoEyvbWBflRfwTsrn8D/vuWAw==!
シェリー,ヘルガッチャ#0241,2021-12-06,ydke://CIArAgiAKwJOfxEFt1quALdargBUKRkBVCkZAVQpGQHmfgoC5n4KAuZ+CgKVm0YElZtGBJWbRgS403UAuNN1ALjTdQCWuSsBlrkrAZa5KwHb2uIC29riAtva4gJXn+YFV5/mBezX1wLs19cC7NfXArG2mwCxtpsAsbabAEf4SgRH+EoER/hKBFDYXARQ2FwEUNhcBEFhmwOSbWkAfay5Aw==!moT5AZqE+QGahPkBVi0OBVYtDgVWLQ4FsTevArE3rwKxN68C!t1quAE5/EQU=!
ジャック,ヘルガッチャ#0241,2021-12-06,ydke://yW+zAslvswLJb7MCRSbjAEUm4wBFJuMA8CiTA/AokwOKfk8E1jxxAtY8cQKN2oQAjdqEAF06/gJdOv4Ck+Q4BZbKJgCWyiYAlsomANSddAJt3QMDQCOaA0AjmgN+23YB1Tg9A9U4PQPVOD0D3G/IBdxvyAWJLNEA8jJYAPIyWACFQZgEhUGYBBEJ0gARCdIAGkBrAi1snAS2ymQCLWycBEAUXwFAFF8BCqztAAqs7QBAFF8BxVSNA8VUjQON3UIB!dr+1AyWTzwXZzP4DI8T2ACPE9gDxZDICbNWUAAbezgQG3s4E1+M5BNfjOQQoPvEDKD7xA8UFkATobWoC!cWwSAmb6TwW2ymQC0jygA9I8oAP2d6QFdsplApPkOAV35eMEJZPPBQ==!
シムルグ,ヘルガッチャ#0241,2021-12-06,ydke://+qRYAV64JwVXh6wFrtshBLC83ADdtuQAcc1bBEQPjwNED48DhmZoAYZmaAEhHrwFIR68BSEevAXtldYF7ZXWBe2V1gW8F6IDvBeiA/R2BwP0dgcD9HYHA0k0DwJJNA8CONleATjZXgGzqbQBs6m0AbOptAFEm9ADRJvQA0Sb0APGN38Fxjd/BcY3fwVaUXIDWlFyAw==!Rh6UBEYelAS5k4EAuZOBABy25QIctuUCjq5PBI6uTwSOrk8E!rtshBN225ABED48DhmZoAX2H8ANJNA8CWlFyAw==!
デッキ破壊,ヘルガッチャ#0241,2021-12-06,ydke://b03/ATlAWAQ4EbcEOBG3BDgRtwSs1eAErNXgBKzV4ATumf8A7pn/AO6Z/wCNp3kEOFHvAjhR7wI4Ue8CeDfzAHg38wDIUVgDyFFYA8hRWAN7ZB0Ce2QdAntkHQIics0BInLNASJyzQGKqP4Ciqj+Aoqo/gK461IFuOtSBbjrUgWYepYFmHqWBZ9rAACfawAAn2sAAO4l/gQzw5YCM8OWAg==!yV+/A8lfvwPJX78DTrLqBU6y6gVOsuoF0iNuAdIjbgG3bMsAt2zLAIDllQK3bMsAgOWVAoDllQLSI24B!mHqWBTPDlgKNp3kEeDfzAI2neQQ=!
スターダスト,ヘルガッチャ#0241,2021-12-06,ydke://XQbkADA20AMwNtADMDbQA2aqZwGxxDUDscQ1A7HENQPfvmwD375sA8CplADAqZQAwKmUALDjFQSw4xUEsOMVBNGc6QB+9bMD0ZzpAI3dQgEm6wAEWXtjBMWp2gSRYr4FkWK+BZFivgUGtGUBBrRlAQa0ZQFAUQ8AQFEPAEBRDwCACEACgAhAAoAIQAKdkgUAnZIFAJ2SBQCurNcFrqzXBQGEwwNjHcQDYx3EA1/GQAJjHcQDVnIEAF/GQAJfxkACVnIEAA==!9JgkAlildwAh1XgBbcV2BL4jpwK+I6cCviOnAvcw1AVo1msF3K5wArheBACgE5gEoBOYBIPjPgK8VPwC!XQbkANOOMAJYpXcAp0ZVBV0wFAT+AN4DvFT8ApkHGAIBhMMDVnIEAA==!
ネオス,ヘルガッチャ#0241,2021-12-06,ydke://q25cBatuXAWrblwFmITCBFo5TgBB2qsEw4XXAMOF1wB2CWMCdgljAnYJYwIOOcIDDjnCAw45wgM87gUD4NIdBeDSHQXg0h0Fmb+TAvn1yQT5nkYDtvsRAaKFVwW2kg4Bm/rWAJv61gCb+tYAvadvAb2nbwFK2IYBoPQZAqD0GQKg9BkCcdp/Ap31GgMQRRcBjYtdBOTJtQDkybUAXVjRApMbgQKTG4ECkxuBAiV7bwQle28E!xbfaAbAPXgWTiyUFJOYDAbiTYwLxEPECFwKuBKr7YQXWg68AuJS1Admg6wJU2UkDfZDaA8eZ3ATTw1gE!FwKuBBcCrgR9kNoD474YBdPDWATAtc0DHYiSA05BAwA=!
フォーチュンレディ,ヘルガッチャ#0241,2021-12-06,ydke://Iv65ASL+uQHHCvIEPS9QAz0vUAM9L1ADmty7AZrcuwEdz+0EHc/tBB3P7QTIpkgEyKZIBMimSAQi/g0CdwNzA3cDcwN3A3MDLaepAS2nqQEtp6kBxLkXBMS5FwTEuRcEeGCbBXhgmwVuxnIFbsZyBW7GcgVdDzIBnxIFBVtupAUi/g0CIv4NAnKCPARdJXcDTq/GBXKCPARUuAkFv/GlAA==!fvkvBH75LwR++S8E/a9xBQ==!coI8BMcK8gTHCvIEeGCbBZrcuwEi/rkB!
ムーンライトネオス,ヘルガッチャ#0241,2021-12-06,ydke://q25cBatuXAWrblwF5O3XAs4p3QLOKd0CzindAnBZqAVfja4AX42uAF+NrgCpfR8CqX0fAvXz1wD189cAIEYDAyBGAwMgRgMDCGL1BEQkDgVOQQMATkEDAE5BAwCb+tYAm/rWAJv61gAYdhoBvadvAaD0GQKg9BkC0jLjAtIy4wICvD0FArw9BQK8PQVakZMCWpGTAmFWZwNhVmcDYVZnAw==!FJ12ARSddgG6RUoFukVKBZmiygV9kNoDfZDaA32Q2gPTw1gE08NYBPgOFgP4DhYDxjNjA+tQYwO18AEF!AlkqBJmiygXTw1gEy7sdAEHgJgGg9BkCWpGTAr2nbwG9p28BqX0fAg==!
炎王ユベル,ヘルガッチャ#0241,2021-12-06,ydke://q25cBaxuXAXcsOQB3LDkAVPsSABT7EgAWjlOAFo5TgBB2qsEQdqrBEHaqwTYMV8B2DFfAWYlHAFmJRwBqWP1A6lj9QMi3xwEIt8cBCLfHASx6sEFserBBTlBOgM5QToDkiljAJIpYwCSKWMAm/rWAJv61gCb+tYAONleATjZXgE42V4BWXtjBMUxigPFMYoDxTGKA3A2bgNwNm4DcDZuAw==!qvthBar7YQWq+2EFTFwaBExcGgTPdDUC15OoBNeTqASZb2cF3Rn4AN0/7wMh3O0EySusBUEWSAFBFkgB!3LDkAVPsSABaOU4A2DFfAWYlHAGx6sEFEl0GARJdBgESXQYB!
リボルバー（ハイラ）,ヘルガッチャ#0241,2021-12-06,ydke://22jeAZjDCQTWNTEEFpvFAJVonAXYoRAFu43vAT26lgE9upYBrXzvAZXqcwXmrhQEJRhbAIpJsQVJhcgEw+d9AwSIHgSYn00AmJ9NAIthqQGLYakBi2GpATbILAOf2uEC6qmQBBTK3wHz+T4D4F0GBBLFywESCmQAxhwEANaCLwIS2aACGnF7A49NtgOxib0DVpU3AahpxAHfwEcDgRauAw==!T2yJBSdapAFvVF8AJtRYAM675QHyqBwEQPzgBe1rFQVVt1IEe3i3APDB9gLtH2oB2Aa/AY8bXwT9HWIE!w+d9AwSIHgQ2yCwDn9rhAp/a4QK8Q68FSYXIBNtz7gDKPPUD!
一撃必殺エアーネオス,ヘルガッチャ#0241,2021-12-18,ydke://q25cBcOF1wDDhdcAw4XXAHYJYwJ2CWMC4NIdBeDSHQX5nkYD+Z5GA/meRgNOQQMATkEDAFCPiABQj4gAm/rWAJv61gCb+tYAoPQZAqD0GQKg9BkCb74xBG++MQRvvjEEwI96BMCPegQNv9sEWpGTAjhLtQA4S7UA5Mm1APtmUAH7ZlAB+2ZQAZMbgQKTG4ECLL4HBCy+BwQsvgcEZn54AQ==!1oOvANaDrwDWg68AXL8xBA==!dgljAk5BAwBx2n8C19wMBMCPegRakZMCOEu1AJMbgQIle28E!
化石磁石,ヘルガッチャ#0241,2021-12-06,ydke://ZwJXAmcCVwKtOrAArTqwAM+c8gXPnPIFU7Z9BIOgjgKDoI4Cw5HZAMOR2QDDkdkAijRhAYo0YQGKNGEB+Ru7APkbuwD5G7sA7ASBAuwEgQLsBIECNzmBAjc5gQI3OYECMNa7BDDWuwQw1rsE1YrsANWK7AB+nA0FRpG7AEaRuwC9p28Bp+ujAqfrowKn66MCR6yKA0esigNHrIoDPT1ZBD09WQTFqdoErVYdBa1WHQWtVh0FXWneAp4TygSeE8oEiVVIAIlVSACJVUgAvAvaALwL2gC8C9oAflObAX5TmwF+U5sB7V+6Be1fugXtX7oF!oaFGAKGhRgChoUYAm95DAZveQwGgiMYFoIjGBaCIxgWNFHoDXGCMA1xgjAOYVbcAmFW3AI0yKAWNMigF!U7Z9BH6cDQV+nA0FRpG7AL2nbwG9p28BPT1ZBJ4TygQ=!
属性ヒーロー,ヘルガッチャ#0241,2021-12-06,ydke://w4XXAMOF1wDWkNIEdgljAnYJYwJ2CWMChMxSBYTMUgWzoLECs6CxArOgsQIOOcIDDjnCAw45wgM87gUDCuanAQrmpwEK5qcBkmTEBJJkxAROQQMATkEDAE5BAwBQj4gAUI+IABh2GgG9p28BvadvAUrYhgFK2IYBppv0AfJSagL8ebwC/Hm8AjNLPAPLxk0DXWneAl1p3gIm2MEDaLSpAg==!egKxBY2UNwCFQLECK68dAGShUAFkoVABlk8AApZPAAK1Ym8CtWJvAvt/yQL0yfgA9Mn4AMu7HQAdiJID!jZQ3AB2IkgMdiJIDGHYaAUrYhgHLxk0DPMB1BGcDBwF2W1wB!
幻魔,ヘルガッチャ#0241,2021-12-06,ydke://l3MqBJdzKgStqVsAralbAC7J7wEuye8Bg4I9BYOCPQWDgj0Fh/jKAIf4ygCH+MoALSP8Ai0j/AItI/wCgRauA4+ssgGPrLIBj6yyAdME0wHTBNMB0wTTAYtqMwOLajMDi2ozA9T6+ADU+vgA1Pr4ADXQjwE10I8BNdCPAaSXOANje9QEpJc4A6SXOANje9QEY3vUBLCyogGwsqIBsLKiASnyUAUp8lAFKfJQBeF4yQTheMkEJZ9EA+F4yQQln0QDdC+1AXQvtQEln0QD!gOWVAoDllQKA5ZUChqmwBYapsAWGqbAFjSeYA40nmAONJ5gDhjiVA4Y4lQOGOJUD!!
捕食イービル,ヘルガッチャ#0241,2021-12-06,ydke://T3p9A4C1uAKAtbgC9knQAPZJ0AD2SdAAdgljAnYJYwJ2CWMCkvm3BTzuBQM87gUDCuanAQrmpwEK5qcBzB2tA8wdrQPMHa0DzstQBc7LUAXOy1AFMzcaAo5HbQCOR20A2loZAdpaGQG9p28BhKFCAYShQgFakZMCWpGTAl1p3gJdad4CuzqUBd3VPwXd1T8F3dU/Bc+y3ADPstwAdltcAQ9LSwQPS0sED0tLBBhLFwMYSxcDGEsXA0wyuABMMrgANtimBTbYpgXGqdoE!HKTCBH6VKgU5ySIFOckiBTnJIgW1TCsE32mGAePPdALfaYYBpFt8A8LoEgOkW3wDSlEfAsu7HQAJgEMB!MzcaAjM3GgLjz3QCGHYaAd9phgGEoUIBCYBDAdpaGQG9p28Bz7LcAA==!
明日香,ヘルガッチャ#0241,2021-12-06,ydke://mAKrBJgCqwTviFwC74hcArG/dgWxv3YFjoOaBI6DmgSOg5oEImA3ACJgNwBSEGUCHSTtBR0k7QUdJO0Fcg6sAXIOrAFyDqwBJ++tACfvrQAn760A/UpiAv1KYgL9SmICUgeKAlIHigJSB4oC7D6JBOw+iQTsPokE3RexBd0XsQXdF7EF16OzBdejswXXo7MFWXtjBJeqxATWPHEC1jxxAg==!ya6pBMmuqQR35eMEG+BbBX3QYQJ90GECuIEJA4TZ/wIG3s4Esg46BLIOOgTkl7sBNbS+BDW0vgS3v2IE!bxVlAW8VZQEaK28DwAyMAxorbwOE2f8Cjuc/Ao7nPwJSEGUCImA3AA==!
聖杯,ヘルガッチャ#0241,2021-12-06,ydke://BChqAwQoagMEKGoD5/3RBef90QXn/dEF+ejwBfno8AX56PAF8k+2A/JPtgPyT7YD62OEBetjhAWx1LwDsdS8A7HUvAPrY4QFDlYoAg5WKAKBpRwFgaUcBW8p+QBvKfkAhh57A4YeewOGHnsDuaxdAbmsXQG5rF0BWmSxBVpksQVaZLEF4xFOAeMRTgHjEU4BFnUPBRZ1DwUWdQ8Fazw4BQ==!fq+1BX6vtQV+r7UFYbvMAWG7zAH53UcA+d1HAPndRwAUP6AEFD+gBBQ/oARBedwBQXncAUF53AFhu8wB!7iX+BA5WKAJvKfkAbIOJAQ==!
機巧サイバー,ヘルガッチャ#0241,2021-12-06,ydke://5nWTAh75ygOKYT4Eyc1iBcnNYgXMQcoCzEHKAsxBygIykS0Em8rJAJvKyQA6UJADOlCQA1rSZAFa0mQBWtJkAV/yvgVf8r4FX/K+BWBwEQBgcBEAYHARAP8MXAP/DFwD/wxcA1yzCANcswgDXLMIA+TONwDkzjcA5M43ABvYNwAb2DcAG9g3ALuIqQC7iKkAvadvAb2nbwF9K/gBPw0aAj8NGgI/DRoCPq+cAz6vnAM+r5wDz7sqBc+7KgXPuyoFYg94A2IPeAOJ69YEL1B6AS9QegEvUHoBANONBADTjQRF2nMERdpzBEXacwQakmEB!i5cXAIuXFwCLlxcAgEwxBYBMMQWATDEFEbbZAxG22QMRttkDUvK4BFLyuARS8rgEjaACBY2gAgWNoAIF!P/f4AQKSiANiD3gDJv5RAJRiyQF6Ey4AWyJ1Alx6oATrlGwBANONBA==!
遊星,ヘルガッチャ#0241,2021-12-07,ydke://OGY/AThmPwHiMkoEMDbQAzA20AMwNtADPPvNBWaqZwFmqmcBscQ1A7HENQOxxDUD375sA5x58wOcefMD044wAtOOMAJ+9bMDfvWzA+YgLwLmIC8CwKmUAMCplADAqZQAHSKGBR0ihgXRnOkA0ZzpALIyzAWQBiMAJusABO4l/gSRYr4FkWK+BZFivgUGtGUBBrRlAQa0ZQFAUQ8AQFEPAEBRDwC54t0FueLdBQ==!9JgkAiHVeAFtxXYEBUd2BL4jpwKi2xIBXT6NAmjWawV9vZ8DuF4EAD3kwAKgE5gEg+M+AuSXuwG8VPwC!Fd8LBcsJkAN2UzQAw71DAoPjPgK8VPwCOGY/AfVvIwA=!
風ガスタ,ヘルガッチャ#0241,2021-12-06,ydke://ixqWADhncwXwezsE8Hs7BA9ErAEPRKwBjCjYBGcNPgRnDT4EbiibAm4omwJuKJsChwuOA4cLjgMOCJcADgiXAI4FUwUBNv8AA/E2AwPxNgMD8TYDnwzkA58M5AOL7D4Di+w+AzsgggI7IIICqZa+AqmWvgKplr4CBFdRBARXUQTIqXYFyKl2BcipdgXk6S0E5OktBHnK+gR5yvoEgWSAAA==!ShVYALiBCQOQH6QAkB+kAHfl4wQy2F0FRfDCAUXwwgFHbg0FR24NBYyOggKreAgClt0IAJbdCABZC1cE!OWWqAUJeKgJnDT4EOyCCAgRXUQRsUkgBq3gIAp2mLgWBZIAAjgVTBQ==!
相剣メタファイズSolo,ofv#8705,2021-12-07,ydke://UAAeAVAAHgHIDVAEyA1QBEtNvQJLTb0CqI6SBaiOkgWojpIFKwxeA9CClQDQgpUA0IKVAKMyMQGjMjEBozIxAVhoSwNYaEsDWGhLAz2aXQM9ml0DPZpdA/4KgAQ/OuoDPzrqAy0P+gMtD/oDIC08AQIq4gACKuIAHwY7Ax8GOwMfBjsD4/GyBOPxsgQLQsYEC0LGBK5cJAOuXCQD8rboBQ==!EYSKAt18ZAJjhMIFY4TCBfb/1wL2/9cCr7qDBYinIgGPvPkDxOxMAC0rhAIApSAEAKUgBAClIARbAv4E!FwLIAeIzogHSC4sFWDEpAbe/YgST/V8B!
シャイニングフレア,ヘルガッチャ#0241,2021-12-08,ydke://CDE8AQgxPAEIMTwBhz2DA4c9gwOHPYMDYFJNAWBSTQFgUk0Bw4XXAMOF1wDDhdcAdgljAnYJYwJ2CWMChMxSBYTMUgWEzFIFEUKKAxFCigMRQooDDjnCAw45wgMOOcIDPO4FAzzuBQM87gUDkmTEBJJkxASSZMQETkEDAE5BAwBOQQMAkiljAJIpYwCSKWMAUI+IAFCPiAC7iKkAu4ipAL2nbwG9p28BvadvAfx5vAL8ebwCy8ZNAzzAdQTFqdoEWpGTAlqRkwJakZMCXWneAl1p3gIlAh0FOEu1ADhLtQA4S7UAANONBADTjQQA040E!egKxBRxW9ASNlDcAK68dAGShUAHUD4MB1A+DAQtKSwWWTwACtWJvAvTJ+ADuZyIC7mciAu5nIgJ4RXgC!1pDSBN8dtwTUD4MBPMB1BDzAdQTpZNEEuVPrAiUCHQUlAh0FJtjBAw==!
最強クェーサー,ヘルガッチャ#0241,2021-12-18,ydke://+hmmAvoZpgLAqZQAwKmUAMCplADAi7UCwIu1Aj9USwI/VEsCELDLBBCwywQQsMsEHSKGBS1snASzEEUFnbQeARmCgQAZgoEA0ZzpAFtklgNbZJYDW2SWA4usAgSLrAIEkAYjAPlgEAP5YBAD+WAQA+4l/gQGVOoFBlTqBQZU6gWMcRUCjHEVAoxxFQKfawAAn2sAAJ9rAAA7SckFO0nJBQ==!9JgkAiHVeAG4gQkDyoOJArheBACVkxIBlZMSAZWTEgHmmboD5pm6A+aZugO8VPwCAa6EAQGuhAHB6gMD!L2+nAfoZpgLAi7UC+J+UA7MQRQWdtB4BGYKBALxU/AKdkgUAnZIFAA==!
デスピア堕天使,ofv#8705,2021-12-08,ydke://hFyEAUtHJgNLRyYDS0cmA1iV7QUq06sAKtOrACrTqwClPBUBpTwVAaFw3ASLURUDxrvAA8a7wAPGu8AD674UBCwF7wQsBe8ELAXvBFhoSwN8IYgFiyIuAosiLgLvghYA74IWAO+CFgCuhN0AroTdAK6E3QCD7KQCUDwxBVA8MQVQPDEFvgovAr4KLwK+Ci8CWHvuBHLq7gUBlgIDdQVAAw==!57oaAue6GgKslT8ArJU/ALHSHAFOyk4ET5toAOTPdAJ3nqECxEQ0BC5OdwKI5joFiOY6BbpO2QVcvzEE!fVlCBb6kggFfpUsDDp4mAJONUwJqWyEBx6HVA9yYfACyyZ4A7WsVBfLD7gKfVE4AhKpFAmG+3gLcnz4F!
純オルターガイスト,ofv#8705,2021-12-11,ydke://bJsnA1rpKgNa6SoDWukqA69HGwWvRxsFr0cbBbfsjAI10I8BNdCPATXQjwHpP1YF6T9WBV0ExgDKnIUBypyFAcqchQFOG4cDThuHA04bhwOvfXEDkAYjAFYa8gCP9wQFj/cEBY/3BAWmtY0AprWNACNJGAIjSRgCI0kYAlLmxgRZ3SYAO0CkATtApAGMADcDjAA3A4wANwMRxi0FKNviBQ==!L0xDAdsCawE+v5IFPr+SBf8muwIpBRcAKQUXACkFFwDPIJIEtNuAArTbgAKNJ5gDjSeYA7FJngWxSZ4F!vw5JAvvcFAEsv2MBOFHvAu4l/gSEJX4AyfDRAG0zZgLUQTsFli0KBJwZ4wA=!
電脳獣,ヘルガッチャ#0241,2021-12-14,ydke://MjzsAjI87ALi0bUB4tG1AUXF+QTtV2AE7VdgBMbWYgPG1mIDI9jAASPYwAF3ki0Dd5ItAwlfOQHwKJMD8CiTA/49KQR9vbwAfb28AH29vAAeRFACEuMqABLjKgAT5X4EE+V+BFyBgAM5QFgEPzrqAz866gOuYAkErmAJBJWI9wGViPcBlYj3AVqj9AJao/QCWqP0AnMgNAJzIDQCcyA0Ag==!wRpyBK2BNwKtgTcCQ9SwBUPUsAVD1LAF1p5sA9aebAMXf8YEx/hNAdZ/SwLWf0sC0btKBNG7SgTOUIYA!RcX5BC/LhgLtV2AEd5ItA1yBgANcgYADzlCGAM5QhgA=!
極星,ヘルガッチャ#0241,2021-12-18,ydke://TTB3BWSr0wPw2pcEtZojAG2lfQJtpX0Cm12cAZtdnAETumwFE7psBRO6bAUchGwCHIRsAqGlrgOhpa4DoaWuA2gZQwUj5eoA9/XfAE5j6QNOY+kDTmPpA/dBYARk+4wEZPuMBAg9bwIIPW8CCD1vAlFSzQBRUs0ARLJvAESybwBEsm8AghITAYISEwGAlUkDgJVJA2C33ACMQOkAifqMAmrjLAXJIFoFMrzcAzK83AMyvNwD!zHCSBcxwkgXMcJIFI/3SASP90gEj/dIBAtb/AwLW/wMC1v8DpnVgBaZ1YAWmdWAF!TTB3BWSr0wPw2pcEm12cARyEbAL39d8AZPuMBFFSzQCCEhMBe4wBAw==!
バリアン七皇,ヘルガッチャ#0241,2021-12-18,ydke://xlqqA8ZaqgPGWqoDpNDkBaTQ5AWk0OQFFngGARZ4BgEWeAYBRB42BBdDxAPRG20A0RttANEbbQC6vbQAur20AJKCLgSSgi4EkoIuBOtv1QPI6mEFqPvZAqj72QLs9z0B7Pc9Aez3PQFLSmEBS0phAVMJvQJTCb0C5D3XAuQ91wJ883ADtQS7BcBNxwXATccFotbTBaLW0wXDZfsBrjdsAA==!rHpBBXd7DATOf6gDBafyAjcrPQGW2xIFd3fCAC8tFAKLdh8A3wj2AoHXjQM8I6AFXrPnAmuxzAMKlIsD!uqgtBOIkZwHkc3IAWaQTBMb8AAStyFQDfPNwA8BNxwWi1tMF!
EMオッドアイズ覇王魔術師,ofv#8705,2021-12-24,ydke://9NL4APTS+AD00vgAtcqTBB1RvAUaquMAGqrjABqq4wDfhLsAQT76BSczhwVWKyYE7TdnAu03ZwLtN2cC86mCBPOpggTzqYIE3YhVBN2IVQTdiFUEgB/2AmttdgPxUM4C8VDOAvFQzgLEd+MCxHfjAhgfogL0QWgEnW03AQam5gQGpuYE0L47AtC+OwLQvjsCxanaBFTJBgZjIHYEEoIUAA==!9wuWAvcLlgKlURYBj+M3BF0wFATKg4kC6QYzAh/j3wXOAs0DfH3SAtIbQQEypm8B6v3IA8HqAwNQyQYG!GXrDAU/aVADSqKAFydPJBMCplAATVkYDsjLMBbxU/AKfkGoA7WsVBQ==!
天気,ofv#8705,2021-12-28,ydke://8PanAfD2pwEGIHEFBiBxBQYgcQWFokUDhaJFA4SNtwGEjbcBhI23Ab0X4AO9F+ADvRfgA19hBQJfYQUCX2EFAjhR7wI4Ue8COFHvAll7YwSP9wQFj/cEBY/3BAVWjaQBoU03A6FNNwPqgs0E6oLNBOqCzQTEdVMFX8kGBl/JBgZfyQYGMxsBARJ7bAR2SwYFdksGBTtJyQU7SckFO0nJBQ==!XGCMA1xgjANr1MwEa9TMBNcV3wXXFd8FY7M6A2OzOgNjszoDUskGBlLJBgZSyQYGjSeYA40nmAONJ5gD!iiPQBWUWggV9MCYD!
太平洋横断ウルトラダイノルフィア,king of tikuwa#6777,2022-01-07,ydke://eNd9BXjXfQV4130F+21NAvttTQKlp2wBpadsAaWnbAGuZlsAuLePA7i3jwO4t48DgmniAydflgEnX5YBJ1+WAbO02QGztNkBSObjAUjm4wFCfVICQn1SAkJ9UgIexRkDHsUZAx7FGQPEdy8DC0LGBAtCxgQLQsYEZfLsBWXy7AVl8uwFbckGBm3JBgZtyQYGO96DATvegwG/s68BeMUlAw==!RskGBkbJBgZGyQYGByHpAgch6QIHIekCoHB3BKBwdwSgcHcExjNjA8YzYwOIYigFiGIoBbXwAQW38AEF!qszkBLbwAQVBIdICj/cEBeM24QVI5uMBOAF7AfsEeAI=!
魔弾,king of tikuwa#6777,2022-01-08,ydke://QAC/A1+g4gFfoOIBX6DiAY7nPwKO5z8Cz9BPAM/QTwDP0E8AiloRBIpaEQSKWhEEVR31AVUd9QFVHfUBEEdvAxBHbwMYzdQEGM3UBA05aQINOWkCDTlpAtoZDARPgpAFT4KQBU+CkAV+w0sFpDTGAKQ0xgA0jDwBNIw8ATSMPAHLS5IDy0uSAwFc8QMBXPEDO/WDBRQXxAEUF8QBFBfEAQ==!gEwxBVLyuATD/9gEw//YBPfdvAP33bwD9928AxG5uAURubgFsZb6BKSaKwDsrn8DxnRHBMZ0RwTGdEcE!op3XAaKd1wHmE/wEv7SgBePWpABuM84DbjPOAzhR7wKgQV0FHkLeBKQ0xgDvh9kCO/WDBQ==!
